OID,COUNT,FOR_TEN,FOR_CATEGO,FOREST,STATE,FOR_BURNS,FOR_BURN_T
33971,606602, ,Non-forest,0,Vic,-9, 
33972,372644,NCR,Native forest,1,Vic,0,Forest not burnt
33973,352,NCR,Other forest,1,Vic,0,Forest not burnt
33975,259097,PRIV,Native forest,1,Vic,0,Forest not burnt
33976,39556,PRIV,Native forest,1,Vic,0,Forest not burnt
33977,13317778, ,Non-forest,0,Vic,-9, 
33979,4986,PRIV,Native forest,1,Vic,0,Forest not burnt
33980,139165,NCR,Native forest,1,Vic,0,Forest not burnt
33981,11225,NCR,Native forest,1,Vic,0,Forest not burnt
33982,2397,PRIV,Native forest,1,Vic,0,Forest not burnt
33983,6404, ,Non-forest,0,Vic,-9, 
33986,736411,NCR,Native forest,1,Vic,0,Forest not burnt
33988,114076,NCR,Native forest,1,Vic,0,Forest not burnt
33998,21821,PRIV,Native forest,1,Vic,0,Forest not burnt
33999,4214,OCL,Native forest,1,Vic,0,Forest not burnt
34000,329291, ,Non-forest,0,Vic,-9, 
34004,35476,PRIV,Native forest,1,Vic,0,Forest not burnt
34008,8437,NCR,Native forest,1,Vic,0,Forest not burnt
34015,37242,OCL,Native forest,1,Vic,0,Forest not burnt
34022,12890,OCL,Native forest,1,Vic,0,Forest not burnt
34032,665973,NCR,Native forest,1,Vic,0,Forest not burnt
34033,22,LEASE,Native forest,1,Vic,0,Forest not burnt
34036,686,PRIV,Native forest,1,Vic,0,Forest not burnt
34037,4324,PRIV,Native forest,1,Vic,0,Forest not burnt
34039,8,LEASE,Native forest,1,Vic,0,Forest not burnt
34042,23015,NCR,Native forest,1,Vic,0,Forest not burnt
34044,114871,NCR,Native forest,1,Vic,0,Forest not burnt
34047,10504,NCR,Native forest,1,Vic,0,Forest not burnt
34050,3495,NCR,Native forest,1,Vic,0,Forest not burnt
34051,1049,OCL,Native forest,1,Vic,0,Forest not burnt
34052,29321,NCR,Native forest,1,Vic,0,Forest not burnt
34053,445,OCL,Native forest,1,Vic,0,Forest not burnt
34054,406899,PRIV,Native forest,1,Vic,0,Forest not burnt
34055,1518,NCR,Native forest,1,Vic,0,Forest not burnt
34056,40817,PRIV,Native forest,1,Vic,0,Forest not burnt
34062,1447,OCL,Native forest,1,Vic,0,Forest not burnt
34066,8459,PRIV,Native forest,1,Vic,0,Forest not burnt
34069,5685,NCR,Native forest,1,Vic,0,Forest not burnt
34073,3350,PRIV,Native forest,1,Vic,0,Forest not burnt
34074,884,NCR,Native forest,1,Vic,0,Forest not burnt
34076,1112,OCL,Native forest,1,Vic,0,Forest not burnt
34078,94624, ,Non-forest,0,Vic,-9, 
34080,5300,MUF,Native forest,1,Vic,0,Forest not burnt
34081,6267, ,Non-forest,0,Vic,-9, 
34082,606,MUF,Native forest,1,Vic,0,Forest not burnt
34083,373,OCL,Native forest,1,Vic,0,Forest not burnt
34084,1861,MUF,Native forest,1,Vic,0,Forest not burnt
34086,21032,MUF,Native forest,1,Vic,0,Forest not burnt
34088,7957,MUF,Native forest,1,Vic,0,Forest not burnt
34089,146443,MUF,Native forest,1,Vic,0,Forest not burnt
34094,1103,MUF,Native forest,1,Vic,0,Forest not burnt
34103,783,NCR,Native forest,1,Vic,0,Forest not burnt
34108,249,NCR,Other forest,1,Vic,0,Forest not burnt
34119,261,PRIV,Native forest,1,Vic,0,Forest not burnt
34125,3653,PRIV,Native forest,1,Vic,0,Forest not burnt
34128,2616,PRIV,Other forest,1,Vic,0,Forest not burnt
34129,144035,NCR,Native forest,1,Vic,0,Forest not burnt
34132,5711,NCR,Native forest,1,Vic,0,Forest not burnt
34135,70,OCL,Native forest,1,Vic,0,Forest not burnt
34138,735,OCL,Native forest,1,Vic,0,Forest not burnt
34145,140917,MUF,Native forest,1,Vic,0,Forest not burnt
34148,363, ,Non-forest,0,Vic,-9, 
34151,9082,OCL,Native forest,1,Vic,0,Forest not burnt
34152,442, ,Non-forest,0,Vic,-9, 
34154,113732,MUF,Native forest,1,Vic,0,Forest not burnt
34155,1186, ,Non-forest,0,Vic,-9, 
34156,49,NCR,Native forest,1,Vic,0,Forest not burnt
34160,1957,OCL,Native forest,1,Vic,0,Forest not burnt
34161,1159,NCR,Native forest,1,Vic,1,Unplanned burns only
34162,1339, ,Non-forest,0,Vic,-9, 
34163,13,NCR,Native forest,1,Vic,1,Unplanned burns only
34164,44,NCR,Native forest,1,Vic,1,Unplanned burns only
34165,44,NCR,Native forest,1,Vic,1,Unplanned burns only
34166,32704,PRIV,Native forest,1,Vic,0,Forest not burnt
34167,202,NCR,Native forest,1,Vic,1,Unplanned burns only
34169,6496, ,Non-forest,0,Vic,-9, 
34170,41772,OCL,Native forest,1,Vic,0,Forest not burnt
34171,407,OCL,Other forest,1,Vic,0,Forest not burnt
34172,827,OCL,Native forest,1,Vic,0,Forest not burnt
34176,170,MUF,Native forest,1,Vic,0,Forest not burnt
34177,22,MUF,Other forest,1,Vic,0,Forest not burnt
34179,55,LEASE,Native forest,1,Vic,0,Forest not burnt
34180,1,LEASE,Native forest,1,Vic,0,Forest not burnt
34181,242,PRIV,Other forest,1,Vic,0,Forest not burnt
34183,2561, ,Non-forest,0,Vic,-9, 
34184,3,OCL,Native forest,1,Vic,1,Unplanned burns only
34189,21,OCL,Other forest,1,Vic,0,Forest not burnt
34194,2,OCL,Native forest,1,Vic,1,Unplanned burns only
34197,58,LEASE,Native forest,1,Vic,0,Forest not burnt
34215,1, ,Non-forest,0,Vic,-9, 
34216,2938, ,Non-forest,0,Vic,-9, 
34217,16256,PRIV,Native forest,1,Vic,0,Forest not burnt
34218,11,NCR,Native forest,1,Vic,1,Planned burns only
34219,710, ,Non-forest,0,Vic,-9, 
34221,1,PRIV,Other forest,1,Vic,1,Planned burns only
34222,146, ,Non-forest,0,Vic,-9, 
34223,1,PRIV,Native forest,1,Vic,1,Planned burns only
34225,2,NCR,Other forest,1,Vic,1,Planned burns only
34228,1548,NCR,Native forest,1,Vic,1,Planned burns only
34230,9,NCR,Native forest,1,Vic,1,Planned burns only
34238,8129,MUF,Native forest,1,Vic,0,Forest not burnt
34252,5965,NCR,Native forest,1,Vic,1,Unplanned burns only
34253,1611, ,Non-forest,0,Vic,-9, 
34263,244,OCL,Native forest,1,Vic,0,Forest not burnt
34408,3811,NCR,Native forest,1,Vic,1,Planned burns only
34410,1457,NCR,Native forest,1,Vic,1,Planned burns only
34411,32,NCR,Native forest,1,Vic,1,Planned burns only
34414,39,PRIV,Native forest,1,Vic,0,Forest not burnt
34421,910,NCR,Native forest,1,Vic,1,Unplanned burns only
34424,29,NCR,Native forest,1,Vic,1,Unplanned burns only
34431,1,NCR,Native forest,1,Vic,1,Unplanned burns only
34432,12,NCR,Native forest,1,Vic,0,Forest not burnt
34433,1474,NCR,Native forest,1,Vic,1,Planned burns only
34436,4746,NCR,Native forest,1,Vic,1,Planned burns only
34442,1328,NCR,Native forest,1,Vic,1,Unplanned burns only
34443,13727,PRIV,Other forest,1,Vic,0,Forest not burnt
34446,51,PRIV,Other forest,1,Vic,0,Forest not burnt
34449,117,NCR,Native forest,1,Vic,1,Planned burns only
34476,2,NCR,Native forest,1,Vic,2,Planned burns only
34479,1008,NCR,Native forest,1,Vic,1,Planned burns only
34486,3770,NCR,Native forest,1,Vic,1,Unplanned burns only
34487,56518,NCR,Native forest,1,Vic,1,Unplanned burns only
34488,325,NCR,Native forest,1,Vic,1,Unplanned burns only
34489,807,NCR,Native forest,1,Vic,1,Unplanned burns only
34500,25,NCR,Other forest,1,Vic,0,Forest not burnt
34506,731,NCR,Native forest,1,Vic,1,Planned burns only
34509,15,NCR,Native forest,1,Vic,1,Planned burns only
34513,471,NCR,Native forest,1,Vic,1,Planned burns only
34514,2109, ,Non-forest,0,Vic,-9, 
34526,916,NCR,Native forest,1,Vic,1,Unplanned burns only
34528,234,NCR,Native forest,1,Vic,1,Unplanned burns only
34531,178,NCR,Native forest,1,Vic,1,Unplanned burns only
34537,1,NCR,Native forest,1,Vic,1,Unplanned burns only
34540,17,NCR,Native forest,1,Vic,1,Unplanned burns only
34542,4,NCR,Native forest,1,Vic,1,Unplanned burns only
34545,8,NCR,Native forest,1,Vic,1,Unplanned burns only
34546,51,NCR,Native forest,1,Vic,1,Unplanned burns only
34551,2365,NCR,Native forest,1,Vic,1,Planned burns only
34575,936,NCR,Native forest,1,Vic,1,Planned burns only
34583,10,LEASE,Native forest,1,Vic,0,Forest not burnt
34602,6,PRIV,Native forest,1,Vic,1,Planned burns only
34607,312,NCR,Native forest,1,Vic,1,Planned burns only
34618,236,NCR,Native forest,1,Vic,1,Unplanned burns only
34619,118,NCR,Native forest,1,Vic,1,Unplanned burns only
34627,389,NCR,Native forest,1,Vic,1,Planned burns only
34630,3,LEASE,Native forest,1,Vic,0,Forest not burnt
34631,9001,MUF,Native forest,1,Vic,0,Forest not burnt
34632,880,OCL,Native forest,1,Vic,0,Forest not burnt
34633,2,LEASE,Native forest,1,Vic,0,Forest not burnt
34634,59,OCL,Native forest,1,Vic,0,Forest not burnt
34638,31,LEASE,Native forest,1,Vic,0,Forest not burnt
34643,13,NCR,Native forest,1,Vic,1,Planned burns only
34644,27,NCR,Native forest,1,Vic,0,Forest not burnt
34646,479,OCL,Other forest,1,Vic,0,Forest not burnt
34658,2164, ,Non-forest,0,Vic,-9, 
34663,657, ,Non-forest,0,Vic,-9, 
34664,4227,PRIV,Native forest,1,Vic,0,Forest not burnt
34667,252,NCR,Other forest,1,Vic,0,Forest not burnt
34669,5,NCR,Native forest,1,Vic,2,Planned and Unplanned burns
34675,3436,NCR,Native forest,1,Vic,1,Unplanned burns only
34681,81,NCR,Native forest,1,Vic,0,Forest not burnt
34687,14,NCR,Other forest,1,Vic,0,Forest not burnt
34688,2109,MUF,Native forest,1,Vic,0,Forest not burnt
34690,938,NCR,Native forest,1,Vic,1,Planned burns only
34694,94,NCR,Native forest,1,Vic,1,Planned burns only
34707,6,PRIV,Native forest,1,Vic,1,Planned burns only
34722,89727, ,Non-forest,0,Vic,-9, 
34756,17, ,Non-forest,0,Vic,-9, 
34757,7,MUF,Native forest,1,Vic,1,Unplanned burns only
34758,1,MUF,Native forest,1,Vic,1,Unplanned burns only
34759,26,MUF,Native forest,1,Vic,1,Unplanned burns only
34762,94, ,Non-forest,0,Vic,-9, 
34766,31,PRIV,Native forest,1,Vic,1,Unplanned burns only
34771,1,NCR,Native forest,1,Vic,1,Planned burns only
34780,10,NCR,Native forest,1,Vic,1,Planned burns only
34806,258,NCR,Native forest,1,Vic,0,Forest not burnt
34810,531,MUF,Native forest,1,Vic,1,Planned burns only
34811,137,MUF,Native forest,1,Vic,1,Planned burns only
34813,39,MUF,Native forest,1,Vic,1,Planned burns only
34814,5,MUF,Native forest,1,Vic,1,Planned burns only
34815,1,NCR,Native forest,1,Vic,1,Planned burns only
34816,2,MUF,Native forest,1,Vic,1,Planned burns only
34818,229,MUF,Native forest,1,Vic,1,Planned burns only
34820,19,MUF,Native forest,1,Vic,1,Planned burns only
34823,2,MUF,Native forest,1,Vic,2,Planned burns only
34825,85, ,Non-forest,0,Vic,-9, 
34836,4,PRIV,Native forest,1,Vic,1,Planned burns only
34838,1,PRIV,Native forest,1,Vic,1,Planned burns only
34844,1,NCR,Native forest,1,Vic,1,Planned burns only
34846,15,NCR,Native forest,1,Vic,2,Planned burns only
34861,394,MUF,Native forest,1,Vic,1,Planned burns only
34862,1,MUF,Native forest,1,Vic,1,Planned burns only
34868,135,NCR,Native forest,1,Vic,1,Planned burns only
34869,15,OCL,Native forest,1,Vic,1,Planned burns only
34873,5,NCR,Other forest,1,Vic,0,Forest not burnt
34882,2136, ,Non-forest,0,Vic,-9, 
34886,145,MUF,Other forest,1,Vic,0,Forest not burnt
34887,2,PRIV,Native forest,1,Vic,1,Unplanned burns only
34889,1,PRIV,Native forest,1,Vic,1,Unplanned burns only
34905,2795,PRIV,Other forest,1,Vic,0,Forest not burnt
34912,736771,MUF,Native forest,1,Vic,0,Forest not burnt
34915,489607,MUF,Native forest,1,Vic,0,Forest not burnt
34924,25839,MUF,Native forest,1,Vic,0,Forest not burnt
34928,126094,NCR,Native forest,1,Vic,0,Forest not burnt
34930,351,MUF,Native forest,1,Vic,1,Planned burns only
34935,173,MUF,Native forest,1,Vic,1,Planned burns only
34936,5257,PRIV,Native forest,1,Vic,0,Forest not burnt
34938,2,MUF,Native forest,1,Vic,1,Planned burns only
34941,7914, ,Non-forest,0,Vic,-9, 
34942,166,MUF,Native forest,1,Vic,1,Planned burns only
34944,28,MUF,Native forest,1,Vic,1,Planned burns only
34945,27,MUF,Native forest,1,Vic,1,Planned burns only
34947,6,MUF,Native forest,1,Vic,1,Planned burns only
34948,1,MUF,Native forest,1,Vic,1,Planned burns only
34949,139,MUF,Native forest,1,Vic,1,Planned burns only
34951,208,MUF,Native forest,1,Vic,1,Planned burns only
34952,283, ,Non-forest,0,Vic,-9, 
34956,3,MUF,Native forest,1,Vic,1,Planned burns only
34957,113,PRIV,Native forest,1,Vic,1,Unplanned burns only
34958,3,PRIV,Native forest,1,Vic,1,Unplanned burns only
34960,84,MUF,Native forest,1,Vic,1,Planned burns only
34973,1019,NCR,Native forest,1,Vic,1,Planned burns only
34974,30,NCR,Native forest,1,Vic,1,Unplanned burns only
34981,41,NCR,Native forest,1,Vic,1,Unplanned burns only
34982,843,NCR,Native forest,1,Vic,1,Unplanned burns only
34986,27,NCR,Native forest,1,Vic,1,Unplanned burns only
34991,1,NCR,Native forest,1,Vic,1,Unplanned burns only
35010,1756,NCR,Native forest,1,Vic,0,Forest not burnt
35011,8,NCR,Native forest,1,Vic,0,Forest not burnt
35013,52,NCR,Native forest,1,Vic,2,Planned burns only
35014,329,NCR,Native forest,1,Vic,1,Planned burns only
35018,25,NCR,Native forest,1,Vic,2,Planned burns only
35053,155,NCR,Native forest,1,Vic,1,Planned burns only
35058,1180,NCR,Native forest,1,Vic,1,Planned burns only
35061,42, ,Non-forest,0,Vic,-9, 
35062,1,PRIV,Native forest,1,Vic,1,Planned burns only
35070,14,MUF,Other forest,1,Vic,0,Forest not burnt
35079,18,PRIV,Native forest,1,Vic,1,Unplanned burns only
35080,1,NCR,Native forest,1,Vic,2,Planned burns only
35082,1562,NCR,Native forest,1,Vic,1,Unplanned burns only
35083,16, ,Non-forest,0,Vic,-9, 
35084,599,NCR,Native forest,1,Vic,1,Planned burns only
35086,205,NCR,Native forest,1,Vic,1,Unplanned burns only
35087,1875, ,Non-forest,0,Vic,-9, 
35088,502,NCR,Native forest,1,Vic,1,Planned burns only
35089,1,NCR,Native forest,1,Vic,2,Planned burns only
35090,353,NCR,Native forest,1,Vic,1,Planned burns only
35091,35,PRIV,Native forest,1,Vic,1,Planned burns only
35092,200, ,Non-forest,0,Vic,-9, 
35093,71,NCR,Native forest,1,Vic,1,Planned burns only
35095,70, ,Non-forest,0,Vic,-9, 
35097,3,NCR,Native forest,1,Vic,2,Planned burns only
35107,341,OCL,Other forest,1,Vic,0,Forest not burnt
35111,39,OCL,Native forest,1,Vic,0,Forest not burnt
35113,123,MUF,Native forest,1,Vic,0,Forest not burnt
35115,15,LEASE,Native forest,1,Vic,0,Forest not burnt
35116,6,LEASE,Native forest,1,Vic,0,Forest not burnt
35117,9,PRIV,Native forest,1,Vic,1,Unplanned burns only
35118,5,PRIV,Native forest,1,Vic,1,Unplanned burns only
35121,1,LEASE,Native forest,1,Vic,0,Forest not burnt
35122,1,LEASE,Other forest,1,Vic,0,Forest not burnt
35130,58,NCR,Native forest,1,Vic,2,Planned burns only
35132,322,NCR,Native forest,1,Vic,1,Unplanned burns only
35134,840,NCR,Native forest,1,Vic,1,Unplanned burns only
35144,79,NCR,Native forest,1,Vic,1,Unplanned burns only
35150,118,MUF,Native forest,1,Vic,1,Unplanned burns only
35151,56,MUF,Native forest,1,Vic,1,Unplanned burns only
35155,9,MUF,Native forest,1,Vic,1,Unplanned burns only
35161,37,NCR,Native forest,1,Vic,1,Unplanned burns only
35162,593,MUF,Native forest,1,Vic,1,Unplanned burns only
35163,4939, ,Non-forest,0,Vic,-9, 
35165,31, ,Non-forest,0,Vic,-9, 
35166,367,MUF,Native forest,1,Vic,0,Forest not burnt
35167,535,MUF,Native forest,1,Vic,1,Unplanned burns only
35169,44,MUF,Native forest,1,Vic,1,Unplanned burns only
35170,6,MUF,Native forest,1,Vic,1,Unplanned burns only
35171,2805,MUF,Native forest,1,Vic,0,Forest not burnt
35179,2106,NCR,Native forest,1,Vic,1,Unplanned burns only
35187,2,NCR,Native forest,1,Vic,1,Unplanned burns only
35213,6110, ,Non-forest,0,Vic,-9, 
35219,6,NCR,Native forest,1,Vic,1,Planned burns only
35230,7,MUF,Native forest,1,Vic,1,Unplanned burns only
35247,2,PRIV,Native forest,1,Vic,1,Unplanned burns only
35248,4,PRIV,Native forest,1,Vic,1,Unplanned burns only
35250,521,PRIV,Native forest,1,Vic,0,Forest not burnt
35251,125,PRIV,Native forest,1,Vic,0,Forest not burnt
35252,10,MUF,Native forest,1,Vic,1,Planned burns only
35258,229, ,Non-forest,0,Vic,-9, 
35261,260, ,Non-forest,0,Vic,-9, 
35262,197, ,Non-forest,0,Vic,-9, 
35265,369, ,Non-forest,0,Vic,-9, 
35267,11,MUF,Native forest,1,Vic,1,Planned burns only
35277,17306,MUF,Native forest,1,Vic,1,Unplanned burns only
35280,1,PRIV,Native forest,1,Vic,1,Planned burns only
35294,120,MUF,Other forest,1,Vic,0,Forest not burnt
35296,522,PRIV,Native forest,1,Vic,1,Planned burns only
35297,190,OCL,Native forest,1,Vic,1,Planned burns only
35298,91,NCR,Native forest,1,Vic,1,Planned burns only
35300,74, ,Non-forest,0,Vic,-9, 
35311,21,OCL,Native forest,1,Vic,0,Forest not burnt
35318,146,OCL,Native forest,1,Vic,0,Forest not burnt
35325,743,MUF,Native forest,1,Vic,1,Planned burns only
35326,350,MUF,Native forest,1,Vic,1,Planned burns only
35327,25,PRIV,Native forest,1,Vic,1,Planned burns only
35335,28,PRIV,Other forest,1,Vic,0,Forest not burnt
35374,4,MUF,Native forest,1,Vic,1,Planned burns only
35376,148, ,Non-forest,0,Vic,-9, 
35379,31,MUF,Native forest,1,Vic,1,Planned burns only
35380,1,MUF,Native forest,1,Vic,1,Planned burns only
35381,169,MUF,Native forest,1,Vic,1,Planned burns only
35382,1380,PRIV,Native forest,1,Vic,1,Unplanned burns only
35383,17348, ,Non-forest,0,Vic,-9, 
35390,25,MUF,Native forest,1,Vic,1,Planned burns only
35395,3,PRIV,Native forest,1,Vic,1,Planned burns only
35396,9,PRIV,Native forest,1,Vic,1,Planned burns only
35397,37,PRIV,Native forest,1,Vic,1,Planned burns only
35398,2,PRIV,Native forest,1,Vic,1,Unplanned burns only
35407,17,PRIV,Native forest,1,Vic,1,Unplanned burns only
35408,5,PRIV,Native forest,1,Vic,1,Unplanned burns only
35412,2,NCR,Native forest,1,Vic,0,Forest not burnt
35418,13584,PRIV,Native forest,1,Vic,0,Forest not burnt
35419,77,NCR,Native forest,1,Vic,1,Planned burns only
35423,11,NCR,Native forest,1,Vic,1,Unplanned burns only
35427,2072,NCR,Native forest,1,Vic,1,Unplanned burns only
35431,1218,NCR,Native forest,1,Vic,1,Planned burns only
35432,9715,NCR,Native forest,1,Vic,1,Planned burns only
35434,233,NCR,Native forest,1,Vic,1,Planned burns only
35438,20707,MUF,Native forest,1,Vic,1,Planned burns only
35439,3823,NCR,Native forest,1,Vic,1,Planned burns only
35444,1351,NCR,Native forest,1,Vic,1,Planned burns only
35445,7920,NCR,Native forest,1,Vic,1,Planned burns only
35448,533,NCR,Native forest,1,Vic,1,Planned burns only
35453,4576,NCR,Native forest,1,Vic,1,Planned burns only
35454,140,NCR,Native forest,1,Vic,1,Planned burns only
35455,14,NCR,Native forest,1,Vic,1,Planned burns only
35456,1,NCR,Native forest,1,Vic,1,Planned burns only
35458,51,NCR,Native forest,1,Vic,1,Planned burns only
35459,4458,NCR,Native forest,1,Vic,1,Planned burns only
35460,11,PRIV,Native forest,1,Vic,1,Unplanned burns only
35461,95,NCR,Native forest,1,Vic,1,Planned burns only
35462,2186,NCR,Native forest,1,Vic,1,Planned burns only
35463,127,NCR,Native forest,1,Vic,1,Planned burns only
35464,14,PRIV,Native forest,1,Vic,1,Planned burns only
35466,2,NCR,Native forest,1,Vic,1,Unplanned burns only
35467,817,NCR,Native forest,1,Vic,1,Unplanned burns only
35468,4,NCR,Native forest,1,Vic,1,Unplanned burns only
35469,153584,PRIV,Commercial plantation,1,Vic,0,Forest not burnt
35474,22, ,Non-forest,0,Vic,-9, 
35475,6,PRIV,Native forest,1,Vic,0,Forest not burnt
35477,2, ,Non-forest,0,Vic,-9, 
35478,1,OCL,Native forest,1,Vic,2,Planned and Unplanned burns
35479,18,NCR,Native forest,1,Vic,1,Planned burns only
35482,1,NCR,Native forest,1,Vic,2,Planned burns only
35484,139,NCR,Native forest,1,Vic,1,Planned burns only
35489,36, ,Non-forest,0,Vic,-9, 
35490,748,PRIV,Native forest,1,Vic,0,Forest not burnt
35492,1,PRIV,Native forest,1,Vic,0,Forest not burnt
35493,4,PRIV,Native forest,1,Vic,1,Unplanned burns only
35494,944,NCR,Native forest,1,Vic,1,Unplanned burns only
35495,50, ,Non-forest,0,Vic,-9, 
35496,3,PRIV,Native forest,1,Vic,1,Unplanned burns only
35497,30, ,Non-forest,0,Vic,-9, 
35498,2, ,Non-forest,0,Vic,-9, 
35499,4, ,Non-forest,0,Vic,-9, 
35501,13, ,Non-forest,0,Vic,-9, 
35502,10,NCR,Native forest,1,Vic,2,Planned burns only
35503,2,PRIV,Native forest,1,Vic,2,Planned burns only
35504,20688,NCR,Native forest,1,Vic,1,Unplanned burns only
35505,4, ,Non-forest,0,Vic,-9, 
35506,4,OCL,Native forest,1,Vic,1,Unplanned burns only
35507,1,OCL,Native forest,1,Vic,1,Unplanned burns only
35508,23,PRIV,Native forest,1,Vic,0,Forest not burnt
35516,2160,NCR,Native forest,1,Vic,0,Forest not burnt
35519,2863,NCR,Native forest,1,Vic,0,Forest not burnt
35520,808,NCR,Commercial plantation,1,Vic,0,Forest not burnt
35523,133,NCR,Native forest,1,Vic,1,Unplanned burns only
35524,1046,PRIV,Native forest,1,Vic,0,Forest not burnt
35525,1,OCL,Native forest,1,Vic,1,Unplanned burns only
35527,1633,PRIV,Native forest,1,Vic,0,Forest not burnt
35529,574,NCR,Native forest,1,Vic,1,Unplanned burns only
35530,14737,PRIV,Native forest,1,Vic,1,Unplanned burns only
35532,326,OCL,Commercial plantation,1,Vic,0,Forest not burnt
35533,174,PRIV,Native forest,1,Vic,1,Planned burns only
35534,6019,NCR,Native forest,1,Vic,1,Planned burns only
35535,146,PRIV,Native forest,1,Vic,1,Planned burns only
35536,1,PRIV,Native forest,1,Vic,1,Unplanned burns only
35537,345,PRIV,Native forest,1,Vic,1,Unplanned burns only
35538,1,MUF,Native forest,1,Vic,1,Unplanned burns only
35539,24961,MUF,Native forest,1,Vic,1,Unplanned burns only
35540,2,PRIV,Native forest,1,Vic,1,Unplanned burns only
35541,61414,MUF,Native forest,1,Vic,1,Unplanned burns only
35542,603,PRIV,Native forest,1,Vic,1,Unplanned burns only
35543,246,PRIV,Native forest,1,Vic,1,Unplanned burns only
35544,29237,PRIV,Native forest,1,Vic,1,Unplanned burns only
35545,105, ,Non-forest,0,Vic,-9, 
35546,313753,MUF,Native forest,1,Vic,1,Unplanned burns only
35547,234421,MUF,Native forest,1,Vic,1,Unplanned burns only
35548,304,MUF,Native forest,1,Vic,1,Unplanned burns only
35549,3,PRIV,Native forest,1,Vic,1,Unplanned burns only
35550,6290,MUF,Other forest,1,Vic,0,Forest not burnt
35551,2,OCL,Native forest,1,Vic,2,Planned burns only
35552,193,NCR,Native forest,1,Vic,1,Planned burns only
35553,3394,PRIV,Native forest,1,Vic,1,Unplanned burns only
35555,28,PRIV,Native forest,1,Vic,1,Planned burns only
35556,25329,NCR,Native forest,1,Vic,1,Unplanned burns only
35557,48,PRIV,Native forest,1,Vic,0,Forest not burnt
35558,145,PRIV,Other forest,1,Vic,1,Unplanned burns only
35559,368, ,Non-forest,0,Vic,-9, 
35560,1081,OCL,Native forest,1,Vic,1,Unplanned burns only
35561,381,OCL,Native forest,1,Vic,1,Unplanned burns only
35564,2248,NCR,Native forest,1,Vic,0,Forest not burnt
35565,889,OCL,Native forest,1,Vic,1,Unplanned burns only
35566,43,OCL,Native forest,1,Vic,1,Unplanned burns only
35567,103,OCL,Native forest,1,Vic,1,Unplanned burns only
35568,12564,NCR,Native forest,1,Vic,0,Forest not burnt
35569,528,PRIV,Native forest,1,Vic,0,Forest not burnt
35570,802,NCR,Native forest,1,Vic,1,Planned burns only
35571,17,PRIV,Native forest,1,Vic,1,Planned burns only
35572,47,NCR,Native forest,1,Vic,1,Planned burns only
35573,1,PRIV,Other forest,1,Vic,1,Planned burns only
35574,1,PRIV,Native forest,1,Vic,1,Planned burns only
35575,42,PRIV,Native forest,1,Vic,1,Planned burns only
35576,1,PRIV,Other forest,1,Vic,1,Planned burns only
35577,8,PRIV,Native forest,1,Vic,1,Planned burns only
35578,1,NCR,Native forest,1,Vic,2,Planned and Unplanned burns
35580,5,NCR,Native forest,1,Vic,2,Planned and Unplanned burns
35581,5,PRIV,Native forest,1,Vic,1,Unplanned burns only
35582,116,NCR,Native forest,1,Vic,1,Planned burns only
35583,78,NCR,Native forest,1,Vic,1,Planned burns only
35584,3,PRIV,Native forest,1,Vic,1,Planned burns only
35585,4,PRIV,Native forest,1,Vic,1,Planned burns only
35586,3,PRIV,Native forest,1,Vic,1,Planned burns only
35588,156,PRIV,Native forest,1,Vic,0,Forest not burnt
35589,99,PRIV,Native forest,1,Vic,1,Unplanned burns only
35590,57,PRIV,Native forest,1,Vic,1,Unplanned burns only
35591,2,PRIV,Native forest,1,Vic,1,Unplanned burns only
35592,1, ,Non-forest,0,Vic,-9, 
35593,2,NCR,Native forest,1,Vic,2,Planned and Unplanned burns
35594,4,PRIV,Native forest,1,Vic,1,Planned burns only
35595,1,PRIV,Native forest,1,Vic,1,Unplanned burns only
35596,766,OCL,Native forest,1,Vic,0,Forest not burnt
35597,57,PRIV,Native forest,1,Vic,2,Unplanned burns only
35598,3,NCR,Native forest,1,Vic,2,Planned burns only
35599,2556,PRIV,Commercial plantation,1,Vic,1,Unplanned burns only
35600,201048,NCR,Native forest,1,Vic,1,Unplanned burns only
35601,66,NCR,Native forest,1,Vic,2,Planned burns only
35602,30,OCL,Native forest,1,Vic,0,Forest not burnt
35603,6,PRIV,Native forest,1,Vic,2,Unplanned burns only
35604,1,PRIV,Native forest,1,Vic,1,Planned burns only
35605,164,NCR,Native forest,1,Vic,1,Unplanned burns only
35606,8,NCR,Native forest,1,Vic,0,Forest not burnt
35607,9, ,Non-forest,0,Vic,-9, 
35609,1,NCR,Native forest,1,Vic,2,Planned burns only
35610,61,NCR,Native forest,1,Vic,2,Planned burns only
35611,24875,NCR,Native forest,1,Vic,1,Unplanned burns only
35612,33,PRIV,Other forest,1,Vic,1,Unplanned burns only
35613,202,NCR,Native forest,1,Vic,1,Unplanned burns only
35614,9, ,Non-forest,0,Vic,-9, 
35615,621,PRIV,Native forest,1,Vic,1,Planned burns only
35616,92,PRIV,Native forest,1,Vic,1,Planned burns only
35617,5,OCL,Native forest,1,Vic,0,Forest not burnt
35618,8571,MUF,Native forest,1,Vic,1,Planned burns only
35619,1,PRIV,Native forest,1,Vic,1,Unplanned burns only
35620,36557,NCR,Native forest,1,Vic,1,Unplanned burns only
35621,16,PRIV,Native forest,1,Vic,0,Forest not burnt
35622,1997,MUF,Native forest,1,Vic,1,Planned burns only
35623,2193,MUF,Native forest,1,Vic,1,Planned burns only
35625,29,PRIV,Native forest,1,Vic,1,Planned burns only
35626,16,MUF,Native forest,1,Vic,1,Planned burns only
35627,6,OCL,Native forest,1,Vic,1,Unplanned burns only
35628,42,PRIV,Native forest,1,Vic,2,Unplanned burns only
35629,4,PRIV,Native forest,1,Vic,2,Unplanned burns only
35630,240, ,Non-forest,0,Vic,-9, 
35632,11938,MUF,Native forest,1,Vic,1,Planned burns only
35633,4,PRIV,Native forest,1,Vic,2,Unplanned burns only
35634,44,PRIV,Native forest,1,Vic,2,Unplanned burns only
35635,94,NCR,Native forest,1,Vic,2,Planned burns only
35636,104381,MUF,Commercial plantation,1,Vic,0,Forest not burnt
35638,238,NCR,Native forest,1,Vic,2,Planned and Unplanned burns
35639,33,NCR,Native forest,1,Vic,2,Planned and Unplanned burns
35640,2,NCR,Native forest,1,Vic,3,Planned burns only
35641,24, ,Non-forest,0,Vic,-9, 
35642,5,PRIV,Native forest,1,Vic,1,Planned burns only
35643,178, ,Non-forest,0,Vic,-9, 
35644,1370,MUF,Other forest,1,Vic,0,Forest not burnt
35645,7,PRIV,Native forest,1,Vic,1,Planned burns only
35648,197,OCL,Native forest,1,Vic,1,Planned burns only
35649,122,PRIV,Native forest,1,Vic,1,Unplanned burns only
35650,1596,OCL,Commercial plantation,1,Vic,0,Forest not burnt
35651,4560,MUF,Native forest,1,Vic,1,Planned burns only
35652,21429,MUF,Native forest,1,Vic,0,Forest not burnt
35653,1378,MUF,Native forest,1,Vic,1,Planned burns only
35654,8,NCR,Native forest,1,Vic,1,Unplanned burns only
35655,772,MUF,Native forest,1,Vic,1,Planned burns only
35656,11,PRIV,Native forest,1,Vic,1,Unplanned burns only
35657,116564,PRIV,Commercial plantation,1,Vic,0,Forest not burnt
35658,1,NCR,Native forest,1,Vic,2,Planned burns only
35659,11,NCR,Native forest,1,Vic,2,Planned and Unplanned burns
35660,9450,MUF,Native forest,1,Vic,1,Planned burns only
35661,1045,PRIV,Native forest,1,Vic,1,Unplanned burns only
35662,1,MUF,Commercial plantation,1,Vic,1,Planned burns only
35663,5800,MUF,Commercial plantation,1,Vic,1,Unplanned burns only
35664,309,MUF,Native forest,1,Vic,2,Planned and Unplanned burns
35665,95,PRIV,Other forest,1,Vic,1,Unplanned burns only
35666,3,NCR,Other forest,1,Vic,1,Unplanned burns only
35667,1,OCL,Native forest,1,Vic,2,Planned burns only
35668,108,MUF,Native forest,1,Vic,1,Unplanned burns only
35669,49,MUF,Other forest,1,Vic,1,Unplanned burns only
35670,218,MUF,Other forest,1,Vic,1,Unplanned burns only
35671,6,MUF,Native forest,1,Vic,0,Forest not burnt
35672,3,NCR,Native forest,1,Vic,2,Planned and Unplanned burns
35673,32,MUF,Native forest,1,Vic,1,Unplanned burns only
35674,4,PRIV,Native forest,1,Vic,1,Planned burns only
35675,8,MUF,Other forest,1,Vic,1,Unplanned burns only
35676,68,NCR,Native forest,1,Vic,1,Unplanned burns only
35677,664,PRIV,Native forest,1,Vic,1,Planned burns only
35678,2,PRIV,Native forest,1,Vic,2,Planned burns only
35679,6906,MUF,Native forest,1,Vic,1,Planned burns only
35680,257,PRIV,Native forest,1,Vic,1,Planned burns only
35681,67205,NCR,Native forest,1,Vic,1,Unplanned burns only
35682,194,NCR,Native forest,1,Vic,2,Planned and Unplanned burns
35685,124,PRIV,Native forest,1,Vic,1,Planned burns only
35686,2955,NCR,Native forest,1,Vic,1,Planned burns only
35687,23,MUF,Native forest,1,Vic,1,Planned burns only
35688,5,NCR,Native forest,1,Vic,2,Planned and Unplanned burns
35689,3,NCR,Native forest,1,Vic,1,Planned burns only
35690,57,NCR,Native forest,1,Vic,1,Unplanned burns only
35691,245,MUF,Native forest,1,Vic,2,Planned and Unplanned burns
35692,288,MUF,Native forest,1,Vic,2,Planned and Unplanned burns
35693,4762,NCR,Native forest,1,Vic,1,Planned burns only
35694,1517,MUF,Native forest,1,Vic,2,Planned and Unplanned burns
35695,1369,MUF,Native forest,1,Vic,2,Planned and Unplanned burns
35696,6, ,Non-forest,0,Vic,-9, 
35697,2,PRIV,Native forest,1,Vic,2,Planned burns only
35698,67,PRIV,Native forest,1,Vic,2,Planned and Unplanned burns
35699,832,NCR,Native forest,1,Vic,2,Planned and Unplanned burns
35701,23,MUF,Native forest,1,Vic,1,Planned burns only
35702,369,NCR,Commercial plantation,1,Vic,0,Forest not burnt
35703,1,NCR,Native forest,1,Vic,2,Planned and Unplanned burns
35704,1,NCR,Native forest,1,Vic,2,Planned and Unplanned burns
35705,1,NCR,Native forest,1,Vic,2,Planned and Unplanned burns
35706,4,PRIV,Native forest,1,Vic,1,Unplanned burns only
35707,180,NCR,Native forest,1,Vic,2,Planned and Unplanned burns
35708,59802,NCR,Native forest,1,Vic,1,Unplanned burns only
35709,2,NCR,Commercial plantation,1,Vic,1,Unplanned burns only
35710,87,OCL,Native forest,1,Vic,1,Planned burns only
35713,150,OCL,Native forest,1,Vic,1,Planned burns only
35714,21,OCL,Native forest,1,Vic,1,Planned burns only
35715,2,NCR,Native forest,1,Vic,0,Forest not burnt
35716,5,NCR,Native forest,1,Vic,1,Unplanned burns only
35717,1098,PRIV,Commercial plantation,1,Vic,1,Unplanned burns only
35718,151,NCR,Native forest,1,Vic,1,Unplanned burns only
35720,1, ,Non-forest,0,Vic,-9, 
35721,10,MUF,Other forest,1,Vic,1,Planned burns only
35722,223, ,Non-forest,0,Vic,-9, 
35728,39,PRIV,Native forest,1,Vic,1,Planned burns only
35729,10789,MUF,Native forest,1,Vic,1,Planned burns only
35730,1,LEASE,Native forest,1,Vic,1,Unplanned burns only
35731,26,PRIV,Native forest,1,Vic,1,Planned burns only
35732,1,NCR,Commercial plantation,1,Vic,0,Forest not burnt
35733,373,PRIV,Commercial plantation,1,Vic,0,Forest not burnt
35734,4,MUF,Native forest,1,Vic,1,Planned burns only
35735,10,MUF,Native forest,1,Vic,1,Planned burns only
35736,4,MUF,Other forest,1,Vic,1,Planned burns only
35737,6633,MUF,Native forest,1,Vic,1,Planned burns only
35738,1,MUF,Native forest,1,Vic,1,Planned burns only
35739,31,NCR,Native forest,1,Vic,1,Planned burns only
35740,35816,MUF,Native forest,1,Vic,1,Unplanned burns only
35741,1,OCL,Native forest,1,Vic,1,Unplanned burns only
35742,760,PRIV,Native forest,1,Vic,1,Planned burns only
35744,69,MUF,Native forest,1,Vic,1,Planned burns only
35745,27,PRIV,Native forest,1,Vic,1,Planned burns only
35746,119,OCL,Native forest,1,Vic,0,Forest not burnt
35747,3084,MUF,Native forest,1,Vic,1,Planned burns only
35748,2388,MUF,Native forest,1,Vic,1,Planned burns only
35749,68, ,Non-forest,0,Vic,-9, 
35750,2665,PRIV,Native forest,1,Vic,1,Unplanned burns only
35751,2,MUF,Commercial plantation,1,Vic,1,Planned burns only
35752,7,LEASE,Native forest,1,Vic,0,Forest not burnt
35753,18,OCL,Native forest,1,Vic,0,Forest not burnt
35754,15,NCR,Native forest,1,Vic,1,Planned burns only
35755,4,NCR,Native forest,1,Vic,1,Planned burns only
35756,1,MUF,Native forest,1,Vic,0,Forest not burnt
35757,1,PRIV,Other forest,1,Vic,1,Planned burns only
35758,42,PRIV,Other forest,1,Vic,1,Unplanned burns only
35759,5,NCR,Native forest,1,Vic,1,Planned burns only
35760,381,OCL,Native forest,1,Vic,1,Unplanned burns only
35761,3,NCR,Native forest,1,Vic,1,Planned burns only
35762,1,NCR,Native forest,1,Vic,0,Forest not burnt
35763,1,NCR,Native forest,1,Vic,0,Forest not burnt
35764,1, ,Non-forest,0,Vic,-9, 
35765,25,PRIV,Native forest,1,Vic,2,Planned and Unplanned burns
35766,78,NCR,Native forest,1,Vic,2,Planned burns only
35767,115,OCL,Native forest,1,Vic,1,Planned burns only
35768,87, ,Non-forest,0,Vic,-9, 
35769,1106,MUF,Native forest,1,Vic,0,Forest not burnt
35770,583,MUF,Native forest,1,Vic,0,Forest not burnt
35771,47, ,Non-forest,0,Vic,-9, 
35772,16,OCL,Native forest,1,Vic,1,Planned burns only
35773,34, ,Non-forest,0,Vic,-9, 
35774,4, ,Non-forest,0,Vic,-9, 
35775,107, ,Non-forest,0,Vic,-9, 
35776,2,OCL,Other forest,1,Vic,1,Unplanned burns only
35777,31,OCL,Commercial plantation,1,Vic,1,Unplanned burns only
35778,2514,MUF,Native forest,1,Vic,2,Planned and Unplanned burns
35779,15,MUF,Native forest,1,Vic,1,Planned burns only
35780,145,PRIV,Native forest,1,Vic,2,Planned and Unplanned burns
35781,23,OCL,Native forest,1,Vic,1,Planned burns only
35782,3,PRIV,Native forest,1,Vic,1,Planned burns only
35783,26,OCL,Native forest,1,Vic,1,Planned burns only
35784,1,PRIV,Native forest,1,Vic,1,Planned burns only
35785,2,OCL,Native forest,1,Vic,1,Planned burns only
35786,9,MUF,Other forest,1,Vic,1,Planned burns only
35787,3,MUF,Native forest,1,Vic,1,Planned burns only
35788,1,MUF,Other forest,1,Vic,1,Planned burns only
35789,8,MUF,Other forest,1,Vic,1,Planned burns only
35790,223,PRIV,Native forest,1,Vic,0,Forest not burnt
35791,538,MUF,Native forest,1,Vic,1,Planned burns only
35792,3977,MUF,Native forest,1,Vic,1,Planned burns only
35793,7,OCL,Native forest,1,Vic,1,Planned burns only
35794,184,NCR,Native forest,1,Vic,1,Planned burns only
35795,2645,MUF,Native forest,1,Vic,1,Planned burns only
35796,370,MUF,Native forest,1,Vic,1,Planned burns only
35797,725,NCR,Native forest,1,Vic,1,Planned burns only
35798,84,NCR,Native forest,1,Vic,1,Planned burns only
35799,48,OCL,Native forest,1,Vic,1,Planned burns only
35800,1697,NCR,Native forest,1,Vic,1,Unplanned burns only
35801,22,PRIV,Native forest,1,Vic,1,Planned burns only
35802,637,PRIV,Native forest,1,Vic,1,Unplanned burns only
35803,5,MUF,Native forest,1,Vic,1,Planned burns only
35804,22, ,Non-forest,0,Vic,-9, 
35805,186,NCR,Native forest,1,Vic,1,Planned burns only
35806,4068,MUF,Native forest,1,Vic,0,Forest not burnt
35807,40,MUF,Native forest,1,Vic,1,Unplanned burns only
35808,158, ,Non-forest,0,Vic,-9, 
35809,19,OCL,Native forest,1,Vic,0,Forest not burnt
35811,10420,MUF,Commercial plantation,1,Vic,0,Forest not burnt
35812,325,MUF,Native forest,1,Vic,1,Unplanned burns only
35813,574,PRIV,Native forest,1,Vic,0,Forest not burnt
35815,27,OCL,Native forest,1,Vic,1,Unplanned burns only
35816,170,NCR,Native forest,1,Vic,2,Planned and Unplanned burns
35817,1935,MUF,Native forest,1,Vic,1,Unplanned burns only
35818,117,OCL,Native forest,1,Vic,1,Planned burns only
35819,35,OCL,Native forest,1,Vic,1,Unplanned burns only
35820,3,OCL,Native forest,1,Vic,1,Unplanned burns only
35822,15,MUF,Native forest,1,Vic,0,Forest not burnt
35823,125,PRIV,Native forest,1,Vic,1,Planned burns only
35824,17,OCL,Other forest,1,Vic,1,Unplanned burns only
35825,20,PRIV,Native forest,1,Vic,1,Unplanned burns only
35827,9,PRIV,Native forest,1,Vic,1,Planned burns only
35828,2,PRIV,Native forest,1,Vic,1,Unplanned burns only
35830,11,NCR,Native forest,1,Vic,2,Planned burns only
35831,443,NCR,Native forest,1,Vic,0,Forest not burnt
35832,29,PRIV,Native forest,1,Vic,1,Unplanned burns only
35833,1,MUF,Native forest,1,Vic,1,Planned burns only
35837,193,NCR,Native forest,1,Vic,1,Unplanned burns only
35838,26,PRIV,Native forest,1,Vic,1,Unplanned burns only
35839,2, ,Non-forest,0,Vic,-9, 
35840,175,NCR,Native forest,1,Vic,0,Forest not burnt
35841,2330,MUF,Native forest,1,Vic,2,Planned and Unplanned burns
35842,44,PRIV,Native forest,1,Vic,1,Unplanned burns only
35843,583,MUF,Native forest,1,Vic,1,Planned burns only
35844,5,OCL,Native forest,1,Vic,0,Forest not burnt
35845,200870,MUF,Native forest,1,Vic,0,Forest not burnt
35846,117429,MUF,Native forest,1,Vic,0,Forest not burnt
35847,3,NCR,Native forest,1,Vic,0,Forest not burnt
35849,5,PRIV,Native forest,1,Vic,1,Unplanned burns only
35850,570,OCL,Native forest,1,Vic,0,Forest not burnt
35851,2618,MUF,Native forest,1,Vic,0,Forest not burnt
35852,86,MUF,Native forest,1,Vic,1,Unplanned burns only
35854,5,OCL,Native forest,1,Vic,2,Planned and Unplanned burns
35855,24,OCL,Native forest,1,Vic,1,Planned burns only
35856,1,PRIV,Native forest,1,Vic,0,Forest not burnt
35857,188,MUF,Native forest,1,Vic,1,Unplanned burns only
35858,1, ,Non-forest,0,Vic,-9, 
35859,967,MUF,Native forest,1,Vic,1,Planned burns only
35860,42,NCR,Native forest,1,Vic,1,Unplanned burns only
35861,1838,MUF,Native forest,1,Vic,1,Unplanned burns only
35862,3078,MUF,Native forest,1,Vic,1,Unplanned burns only
35863,536,MUF,Native forest,1,Vic,1,Unplanned burns only
35864,31,PRIV,Native forest,1,Vic,1,Unplanned burns only
35865,5,OCL,Native forest,1,Vic,1,Planned burns only
35866,15,MUF,Native forest,1,Vic,1,Unplanned burns only
35868,946,NCR,Native forest,1,Vic,1,Unplanned burns only
35869,66,NCR,Native forest,1,Vic,1,Unplanned burns only
35870,2,PRIV,Other forest,1,Vic,1,Planned burns only
35871,1, ,Non-forest,0,Vic,-9, 
35874,14530,MUF,Native forest,1,Vic,1,Unplanned burns only
35875,65,MUF,Native forest,1,Vic,2,Planned burns only
35877,15330,NCR,Native forest,1,Vic,0,Forest not burnt
35878,880,NCR,Native forest,1,Vic,0,Forest not burnt
35879,124,MUF,Native forest,1,Vic,2,Planned burns only
35880,141614,MUF,Native forest,1,Vic,1,Unplanned burns only
35881,4,NCR,Native forest,1,Vic,5,Planned burns only
35882,4, ,Non-forest,0,Vic,-9, 
35883,1, ,Non-forest,0,Vic,-9, 
35884,1,MUF,Native forest,1,Vic,0,Forest not burnt
35885,4,MUF,Native forest,1,Vic,0,Forest not burnt
35886,35,MUF,Native forest,1,Vic,2,Planned burns only
35887,873,MUF,Native forest,1,Vic,1,Planned burns only
35888,6,MUF,Native forest,1,Vic,0,Forest not burnt
35889,4,MUF,Native forest,1,Vic,2,Planned burns only
35890,24,NCR,Native forest,1,Vic,1,Unplanned burns only
35891,5,NCR,Native forest,1,Vic,2,Planned and Unplanned burns
35892,146407,NCR,Native forest,1,Vic,0,Forest not burnt
35893,387,MUF,Native forest,1,Vic,2,Planned and Unplanned burns
35894,199,MUF,Native forest,1,Vic,2,Planned and Unplanned burns
35895,797,MUF,Native forest,1,Vic,1,Unplanned burns only
35896,36054,NCR,Native forest,1,Vic,0,Forest not burnt
35897,52163,MUF,Native forest,1,Vic,1,Unplanned burns only
35898,244,MUF,Native forest,1,Vic,2,Unplanned burns only
35899,99,MUF,Native forest,1,Vic,2,Planned and Unplanned burns
35900,4,PRIV,Commercial plantation,1,Vic,1,Unplanned burns only
35901,61,NCR,Native forest,1,Vic,2,Unplanned burns only
35902,32737,NCR,Native forest,1,Vic,1,Unplanned burns only
35903,2,NCR,Native forest,1,Vic,1,Planned burns only
35904,3,NCR,Native forest,1,Vic,2,Planned burns only
35905,1,PRIV,Native forest,1,Vic,2,Planned burns only
35906,85,NCR,Native forest,1,Vic,1,Planned burns only
35907,184,MUF,Native forest,1,Vic,2,Planned and Unplanned burns
35908,13,MUF,Native forest,1,Vic,2,Planned and Unplanned burns
35909,79,PRIV,Native forest,1,Vic,0,Forest not burnt
35910,406,MUF,Native forest,1,Vic,0,Forest not burnt
35911,7,PRIV,Native forest,1,Vic,1,Planned burns only
35912,91,NCR,Native forest,1,Vic,1,Planned burns only
35913,1653,PRIV,Native forest,1,Vic,0,Forest not burnt
35914,5,NCR,Native forest,1,Vic,1,Unplanned burns only
35915,11,MUF,Native forest,1,Vic,2,Planned and Unplanned burns
35916,71,OCL,Native forest,1,Vic,0,Forest not burnt
35917,7,MUF,Native forest,1,Vic,1,Planned burns only
35918,327,MUF,Native forest,1,Vic,2,Unplanned burns only
35919,93,MUF,Native forest,1,Vic,1,Planned burns only
35920,3,PRIV,Native forest,1,Vic,1,Planned burns only
35922,3656,MUF,Native forest,1,Vic,0,Forest not burnt
35923,5,MUF,Native forest,1,Vic,1,Planned burns only
35924,37,MUF,Native forest,1,Vic,2,Planned burns only
35925,3216,NCR,Native forest,1,Vic,0,Forest not burnt
35926,12,OCL,Native forest,1,Vic,1,Planned burns only
35927,1,OCL,Native forest,1,Vic,1,Planned burns only
35930,31,MUF,Native forest,1,Vic,0,Forest not burnt
35931,36,NCR,Native forest,1,Vic,2,Planned and Unplanned burns
35935,23,MUF,Native forest,1,Vic,1,Planned burns only
35936,73,MUF,Native forest,1,Vic,1,Planned burns only
35937,3,OCL,Native forest,1,Vic,2,Planned and Unplanned burns
35938,3,MUF,Native forest,1,Vic,1,Unplanned burns only
35939,3,PRIV,Native forest,1,Vic,1,Unplanned burns only
35940,1,OCL,Native forest,1,Vic,1,Planned burns only
35941,1058,MUF,Native forest,1,Vic,0,Forest not burnt
35942,260,NCR,Native forest,1,Vic,0,Forest not burnt
35943,30,NCR,Native forest,1,Vic,1,Planned burns only
35944,1,OCL,Native forest,1,Vic,1,Unplanned burns only
35945,43,MUF,Native forest,1,Vic,0,Forest not burnt
35946,10,MUF,Other forest,1,Vic,0,Forest not burnt
35948,9,OCL,Other forest,1,Vic,1,Unplanned burns only
35950,4,PRIV,Native forest,1,Vic,1,Unplanned burns only
35951,6,OCL,Native forest,1,Vic,1,Planned burns only
35952,54,MUF,Native forest,1,Vic,1,Planned burns only
35953,1,MUF,Native forest,1,Vic,1,Planned burns only
35954,115,MUF,Native forest,1,Vic,1,Planned burns only
35955,4,MUF,Commercial plantation,1,Vic,1,Planned burns only
35956,1,MUF,Other forest,1,Vic,1,Planned burns only
35957,7,MUF,Other forest,1,Vic,1,Planned burns only
35958,299,MUF,Native forest,1,Vic,1,Planned burns only
35959,46,PRIV,Native forest,1,Vic,1,Unplanned burns only
35960,16,NCR,Native forest,1,Vic,2,Planned burns only
35961,5,MUF,Native forest,1,Vic,1,Planned burns only
35962,45, ,Non-forest,0,Vic,-9, 
35963,2014,NCR,Native forest,1,Vic,0,Forest not burnt
35964,16,MUF,Native forest,1,Vic,2,Planned and Unplanned burns
35965,2,MUF,Native forest,1,Vic,2,Planned and Unplanned burns
35966,3521,OCL,Native forest,1,Vic,0,Forest not burnt
35967,63,OCL,Native forest,1,Vic,0,Forest not burnt
35968,39,MUF,Native forest,1,Vic,1,Unplanned burns only
35969,1,PRIV,Other forest,1,Vic,1,Planned burns only
35970,66,OCL,Native forest,1,Vic,0,Forest not burnt
35971,1,PRIV,Native forest,1,Vic,1,Planned burns only
35972,253,MUF,Native forest,1,Vic,1,Planned burns only
35974,1,MUF,Other forest,1,Vic,2,Planned and Unplanned burns
35975,1083,OCL,Native forest,1,Vic,0,Forest not burnt
35976,4,MUF,Native forest,1,Vic,1,Unplanned burns only
35977,4264,MUF,Native forest,1,Vic,1,Unplanned burns only
35978,20,OCL,Native forest,1,Vic,0,Forest not burnt
35979,471,NCR,Native forest,1,Vic,2,Planned burns only
35980,6,MUF,Native forest,1,Vic,2,Planned burns only
35981,82,NCR,Native forest,1,Vic,2,Planned burns only
35982,39,MUF,Native forest,1,Vic,0,Forest not burnt
35983,1134,MUF,Native forest,1,Vic,0,Forest not burnt
35984,133,MUF,Native forest,1,Vic,1,Planned burns only
35985,23,NCR,Native forest,1,Vic,2,Planned burns only
35986,30,OCL,Native forest,1,Vic,1,Unplanned burns only
35987,29,PRIV,Native forest,1,Vic,1,Unplanned burns only
35988,23,PRIV,Native forest,1,Vic,1,Planned burns only
35989,12987,MUF,Native forest,1,Vic,1,Unplanned burns only
35990,427,PRIV,Native forest,1,Vic,0,Forest not burnt
35991,1008,PRIV,Native forest,1,Vic,0,Forest not burnt
35992,3,PRIV,Native forest,1,Vic,2,Unplanned burns only
35995,1,OCL,Native forest,1,Vic,1,Planned burns only
35996,4,MUF,Native forest,1,Vic,2,Planned burns only
35997,342,MUF,Native forest,1,Vic,1,Planned burns only
35999,8,MUF,Native forest,1,Vic,2,Planned burns only
36000,58,MUF,Native forest,1,Vic,1,Planned burns only
36001,10,MUF,Native forest,1,Vic,1,Planned burns only
36002,116,NCR,Native forest,1,Vic,1,Unplanned burns only
36003,3,PRIV,Native forest,1,Vic,0,Forest not burnt
36004,18,MUF,Native forest,1,Vic,0,Forest not burnt
36005,34,NCR,Native forest,1,Vic,1,Planned burns only
36006,89,NCR,Native forest,1,Vic,1,Planned burns only
36007,2,NCR,Native forest,1,Vic,1,Unplanned burns only
36008,33,OCL,Native forest,1,Vic,0,Forest not burnt
36009,141,OCL,Native forest,1,Vic,0,Forest not burnt
36011,1,PRIV,Native forest,1,Vic,2,Planned burns only
36012,5,MUF,Native forest,1,Vic,2,Planned and Unplanned burns
36014,2,OCL,Native forest,1,Vic,0,Forest not burnt
36015,1,MUF,Native forest,1,Vic,2,Planned and Unplanned burns
36016,3,PRIV,Native forest,1,Vic,0,Forest not burnt
36017,3,PRIV,Native forest,1,Vic,0,Forest not burnt
36020,12,NCR,Native forest,1,Vic,1,Planned burns only
36021,1,MUF,Native forest,1,Vic,3,Planned burns only
36022,1, ,Non-forest,0,Vic,-9, 
36023,1,NCR,Other forest,1,Vic,1,Planned burns only
36024,197,MUF,Native forest,1,Vic,1,Planned burns only
36027,89, ,Non-forest,0,Vic,-9, 
36029,1, ,Non-forest,0,Vic,-9, 
36030,1,NCR,Native forest,1,Vic,2,Unplanned burns only
36031,160,NCR,Native forest,1,Vic,2,Unplanned burns only
36032,130,NCR,Native forest,1,Vic,2,Unplanned burns only
36033,7,MUF,Native forest,1,Vic,1,Planned burns only
36034,2060,MUF,Native forest,1,Vic,2,Unplanned burns only
36035,1671,MUF,Native forest,1,Vic,2,Unplanned burns only
36036,940,MUF,Native forest,1,Vic,1,Unplanned burns only
36037,102,MUF,Native forest,1,Vic,1,Unplanned burns only
36038,41, ,Non-forest,0,Vic,-9, 
36039,59,MUF,Native forest,1,Vic,1,Planned burns only
36040,7,MUF,Native forest,1,Vic,1,Planned burns only
36041,8,NCR,Native forest,1,Vic,1,Planned burns only
36042,2,NCR,Native forest,1,Vic,1,Planned burns only
36043,21,MUF,Native forest,1,Vic,1,Planned burns only
36044,2,MUF,Native forest,1,Vic,1,Planned burns only
36045,3,MUF,Native forest,1,Vic,1,Planned burns only
36047,1,MUF,Other forest,1,Vic,1,Planned burns only
36048,1241,NCR,Native forest,1,Vic,0,Forest not burnt
36049,58,NCR,Native forest,1,Vic,1,Planned burns only
36050,11,NCR,Native forest,1,Vic,2,Unplanned burns only
36051,4,PRIV,Native forest,1,Vic,1,Planned burns only
36052,37,PRIV,Native forest,1,Vic,1,Planned burns only
36053,11,NCR,Native forest,1,Vic,1,Planned burns only
36054,3,OCL,Native forest,1,Vic,1,Planned burns only
36056,21,PRIV,Native forest,1,Vic,1,Unplanned burns only
36057,61,PRIV,Native forest,1,Vic,0,Forest not burnt
36058,6,NCR,Native forest,1,Vic,2,Planned burns only
36059,8,NCR,Native forest,1,Vic,2,Planned burns only
36060,35,NCR,Native forest,1,Vic,2,Planned burns only
36062,2,NCR,Native forest,1,Vic,1,Planned burns only
36063,1,OCL,Native forest,1,Vic,1,Planned burns only
36064,16,NCR,Native forest,1,Vic,1,Planned burns only
36065,40,NCR,Native forest,1,Vic,1,Planned burns only
36067,90,OCL,Native forest,1,Vic,1,Unplanned burns only
36068,1,OCL,Native forest,1,Vic,1,Unplanned burns only
36069,92,NCR,Native forest,1,Vic,1,Planned burns only
36070,4,NCR,Native forest,1,Vic,1,Planned burns only
36072,4254,PRIV,Native forest,1,Vic,1,Unplanned burns only
36073,11,NCR,Native forest,1,Vic,1,Planned burns only
36074,1,OCL,Other forest,1,Vic,1,Unplanned burns only
36075,412,PRIV,Native forest,1,Vic,1,Unplanned burns only
36076,40,PRIV,Native forest,1,Vic,1,Unplanned burns only
36077,87,NCR,Native forest,1,Vic,2,Planned burns only
36078,1,NCR,Native forest,1,Vic,2,Planned burns only
36079,4,NCR,Native forest,1,Vic,1,Planned burns only
36080,605,NCR,Native forest,1,Vic,1,Planned burns only
36081,59122,PRIV,Native forest,1,Vic,0,Forest not burnt
36082,1412,PRIV,Native forest,1,Vic,0,Forest not burnt
36083,479,MUF,Native forest,1,Vic,1,Planned burns only
36084,832,MUF,Native forest,1,Vic,1,Planned burns only
36085,138,OCL,Native forest,1,Vic,1,Unplanned burns only
36086,79,MUF,Native forest,1,Vic,1,Planned burns only
36087,7,MUF,Native forest,1,Vic,1,Planned burns only
36088,1334,MUF,Native forest,1,Vic,1,Planned burns only
36089,265,NCR,Native forest,1,Vic,3,Planned burns only
36090,54, ,Non-forest,0,Vic,-9, 
36091,895,MUF,Native forest,1,Vic,1,Planned burns only
36093,16,NCR,Native forest,1,Vic,2,Planned burns only
36094,5,NCR,Native forest,1,Vic,3,Planned burns only
36095,396,NCR,Native forest,1,Vic,3,Planned burns only
36096,62,NCR,Native forest,1,Vic,3,Planned burns only
36097,14,NCR,Native forest,1,Vic,2,Planned burns only
36098,2,NCR,Native forest,1,Vic,3,Planned burns only
36100,4,NCR,Native forest,1,Vic,3,Planned burns only
36101,40,NCR,Native forest,1,Vic,3,Planned burns only
36102,1,NCR,Native forest,1,Vic,2,Planned burns only
36103,10,PRIV,Native forest,1,Vic,0,Forest not burnt
36104,3,NCR,Native forest,1,Vic,0,Forest not burnt
36105,5,NCR,Native forest,1,Vic,2,Planned burns only
36106,8,NCR,Native forest,1,Vic,3,Planned burns only
36107,6,NCR,Native forest,1,Vic,3,Planned burns only
36108,1,PRIV,Native forest,1,Vic,1,Planned burns only
36109,2,NCR,Native forest,1,Vic,1,Planned burns only
36110,6,NCR,Native forest,1,Vic,3,Planned burns only
36111,66,MUF,Native forest,1,Vic,1,Planned burns only
36112,1,NCR,Native forest,1,Vic,3,Planned burns only
36113,159,NCR,Native forest,1,Vic,0,Forest not burnt
36114,84,NCR,Native forest,1,Vic,1,Planned burns only
36115,256,NCR,Native forest,1,Vic,2,Unplanned burns only
36116,1,NCR,Native forest,1,Vic,1,Planned burns only
36117,1560,NCR,Native forest,1,Vic,1,Unplanned burns only
36118,10,PRIV,Native forest,1,Vic,0,Forest not burnt
36119,6,PRIV,Native forest,1,Vic,1,Planned burns only
36120,42,NCR,Native forest,1,Vic,4,Planned and Unplanned burns
36121,2,PRIV,Native forest,1,Vic,0,Forest not burnt
36122,5,PRIV,Native forest,1,Vic,1,Planned burns only
36123,1,NCR,Native forest,1,Vic,2,Planned burns only
36124,13,OCL,Other forest,1,Vic,0,Forest not burnt
36125,7,NCR,Native forest,1,Vic,2,Planned burns only
36126,212,MUF,Native forest,1,Vic,2,Unplanned burns only
36127,4,NCR,Native forest,1,Vic,1,Unplanned burns only
36128,1392,PRIV,Commercial plantation,1,Vic,1,Unplanned burns only
36129,54,MUF,Native forest,1,Vic,1,Planned burns only
36130,2,NCR,Native forest,1,Vic,1,Unplanned burns only
36131,3,MUF,Native forest,1,Vic,1,Planned burns only
36132,71,NCR,Native forest,1,Vic,2,Planned burns only
36133,7,NCR,Native forest,1,Vic,2,Planned burns only
36134,27,NCR,Native forest,1,Vic,2,Planned burns only
36135,3,PRIV,Native forest,1,Vic,2,Planned and Unplanned burns
36136,9,NCR,Native forest,1,Vic,3,Planned burns only
36137,1,PRIV,Native forest,1,Vic,2,Planned and Unplanned burns
36138,97,NCR,Native forest,1,Vic,2,Planned and Unplanned burns
36139,84,NCR,Native forest,1,Vic,2,Planned burns only
36140,10,MUF,Other forest,1,Vic,0,Forest not burnt
36142,1,NCR,Native forest,1,Vic,2,Planned burns only
36143,1,NCR,Native forest,1,Vic,2,Planned burns only
36144,6,OCL,Native forest,1,Vic,0,Forest not burnt
36146,3,OCL,Native forest,1,Vic,0,Forest not burnt
36147,61,NCR,Native forest,1,Vic,2,Planned and Unplanned burns
36148,11,PRIV,Other forest,1,Vic,1,Unplanned burns only
36149,618,MUF,Native forest,1,Vic,1,Planned burns only
36150,359,MUF,Native forest,1,Vic,1,Planned burns only
36151,15,PRIV,Other forest,1,Vic,0,Forest not burnt
36152,1,NCR,Native forest,1,Vic,2,Planned and Unplanned burns
36153,6,PRIV,Native forest,1,Vic,1,Planned burns only
36154,49,NCR,Native forest,1,Vic,1,Planned burns only
36155,18,MUF,Native forest,1,Vic,2,Planned burns only
36156,1701,NCR,Native forest,1,Vic,1,Planned burns only
36157,8,PRIV,Native forest,1,Vic,1,Planned burns only
36164,43,NCR,Native forest,1,Vic,1,Planned burns only
36165,7,NCR,Native forest,1,Vic,1,Planned burns only
36168,39,NCR,Native forest,1,Vic,1,Planned burns only
36170,126,OCL,Native forest,1,Vic,0,Forest not burnt
36171,455,PRIV,Native forest,1,Vic,1,Unplanned burns only
36173,15,MUF,Native forest,1,Vic,1,Planned burns only
36175,2634,NCR,Native forest,1,Vic,0,Forest not burnt
36176,10615,NCR,Native forest,1,Vic,1,Unplanned burns only
36177,4,PRIV,Native forest,1,Vic,1,Unplanned burns only
36178,2,NCR,Native forest,1,Vic,1,Unplanned burns only
36179,84,NCR,Native forest,1,Vic,2,Unplanned burns only
36180,3,NCR,Native forest,1,Vic,1,Unplanned burns only
36181,132,NCR,Native forest,1,Vic,0,Forest not burnt
36182,289,MUF,Native forest,1,Vic,1,Planned burns only
36183,182,NCR,Native forest,1,Vic,2,Planned burns only
36184,1,NCR,Native forest,1,Vic,2,Planned and Unplanned burns
36185,1,NCR,Native forest,1,Vic,2,Planned and Unplanned burns
36186,449,NCR,Native forest,1,Vic,1,Planned burns only
36187,2299,NCR,Native forest,1,Vic,1,Unplanned burns only
36188,1,NCR,Native forest,1,Vic,2,Planned burns only
36190,141,NCR,Native forest,1,Vic,2,Planned and Unplanned burns
36193,237,NCR,Native forest,1,Vic,1,Unplanned burns only
36194,63,NCR,Native forest,1,Vic,2,Unplanned burns only
36195,732,NCR,Native forest,1,Vic,1,Unplanned burns only
36196,2942,NCR,Native forest,1,Vic,0,Forest not burnt
36197,11,NCR,Native forest,1,Vic,2,Planned and Unplanned burns
36198,124,MUF,Native forest,1,Vic,2,Planned and Unplanned burns
36199,9381,NCR,Native forest,1,Vic,0,Forest not burnt
36200,1,NCR,Native forest,1,Vic,2,Planned and Unplanned burns
36201,2,MUF,Native forest,1,Vic,2,Unplanned burns only
36202,642,NCR,Native forest,1,Vic,1,Unplanned burns only
36203,41,NCR,Native forest,1,Vic,2,Unplanned burns only
36204,7,OCL,Commercial plantation,1,Vic,0,Forest not burnt
36205,268,NCR,Native forest,1,Vic,2,Unplanned burns only
36206,10,NCR,Native forest,1,Vic,2,Unplanned burns only
36207,58,NCR,Native forest,1,Vic,1,Unplanned burns only
36208,2,NCR,Native forest,1,Vic,1,Unplanned burns only
36209,976,NCR,Native forest,1,Vic,1,Unplanned burns only
36210,83,NCR,Native forest,1,Vic,1,Unplanned burns only
36211,31,NCR,Native forest,1,Vic,1,Unplanned burns only
36212,11,PRIV,Native forest,1,Vic,1,Unplanned burns only
36213,2735,MUF,Native forest,1,Vic,1,Unplanned burns only
36214,52,NCR,Native forest,1,Vic,1,Planned burns only
36215,2,NCR,Native forest,1,Vic,1,Planned burns only
36216,46,NCR,Native forest,1,Vic,1,Unplanned burns only
36217,1,NCR,Native forest,1,Vic,2,Planned burns only
36218,153,MUF,Commercial plantation,1,Vic,0,Forest not burnt
36219,5,PRIV,Native forest,1,Vic,1,Unplanned burns only
36220,3,OCL,Native forest,1,Vic,1,Unplanned burns only
36221,6,MUF,Native forest,1,Vic,2,Planned burns only
36222,16,MUF,Native forest,1,Vic,2,Planned burns only
36223,2,OCL,Native forest,1,Vic,1,Planned burns only
36224,1486,NCR,Native forest,1,Vic,1,Unplanned burns only
36225,80, ,Non-forest,0,Vic,-9, 
36226,42,NCR,Native forest,1,Vic,1,Unplanned burns only
36229,2,PRIV,Native forest,1,Vic,1,Planned burns only
36230,10,NCR,Native forest,1,Vic,0,Forest not burnt
36231,11,MUF,Native forest,1,Vic,2,Unplanned burns only
36232,5907,MUF,Native forest,1,Vic,1,Unplanned burns only
36234,1,MUF,Commercial plantation,1,Vic,1,Planned burns only
36235,1,MUF,Other forest,1,Vic,1,Planned burns only
36236,60, ,Non-forest,0,Vic,-9, 
36237,53,NCR,Native forest,1,Vic,2,Planned burns only
36238,620,NCR,Native forest,1,Vic,0,Forest not burnt
36239,1,PRIV,Native forest,1,Vic,1,Unplanned burns only
36240,95,MUF,Native forest,1,Vic,2,Planned and Unplanned burns
36241,124,NCR,Native forest,1,Vic,0,Forest not burnt
36242,192, ,Non-forest,0,Vic,-9, 
36243,10, ,Non-forest,0,Vic,-9, 
36244,2482,MUF,Native forest,1,Vic,0,Forest not burnt
36245,119,MUF,Native forest,1,Vic,1,Unplanned burns only
36246,11,MUF,Native forest,1,Vic,2,Planned burns only
36247,10,MUF,Native forest,1,Vic,1,Unplanned burns only
36249,16,NCR,Native forest,1,Vic,1,Planned burns only
36250,2,NCR,Native forest,1,Vic,1,Planned burns only
36251,2,PRIV,Native forest,1,Vic,1,Unplanned burns only
36252,1,PRIV,Native forest,1,Vic,1,Planned burns only
36253,13,MUF,Native forest,1,Vic,1,Planned burns only
36254,6,NCR,Native forest,1,Vic,1,Planned burns only
36255,95,MUF,Native forest,1,Vic,0,Forest not burnt
36256,1352,NCR,Native forest,1,Vic,1,Unplanned burns only
36257,3,MUF,Native forest,1,Vic,1,Planned burns only
36258,6,MUF,Native forest,1,Vic,2,Planned burns only
36259,11,MUF,Native forest,1,Vic,2,Planned burns only
36260,2,NCR,Native forest,1,Vic,1,Planned burns only
36261,2,OCL,Native forest,1,Vic,2,Planned burns only
36262,4,NCR,Native forest,1,Vic,1,Unplanned burns only
36263,14,PRIV,Native forest,1,Vic,1,Planned burns only
36264,5,MUF,Commercial plantation,1,Vic,1,Planned burns only
36265,4,MUF,Native forest,1,Vic,2,Planned burns only
36266,8,MUF,Native forest,1,Vic,2,Planned burns only
36267,26,MUF,Native forest,1,Vic,1,Planned burns only
36268,110,MUF,Native forest,1,Vic,1,Unplanned burns only
36269,481,MUF,Native forest,1,Vic,0,Forest not burnt
36270,571,MUF,Native forest,1,Vic,1,Unplanned burns only
36271,2,MUF,Native forest,1,Vic,2,Planned burns only
36272,2,MUF,Native forest,1,Vic,1,Planned burns only
36273,1,MUF,Native forest,1,Vic,2,Planned burns only
36274,455,NCR,Native forest,1,Vic,1,Planned burns only
36275,9,MUF,Native forest,1,Vic,1,Unplanned burns only
36276,1,OCL,Native forest,1,Vic,0,Forest not burnt
36277,62,MUF,Native forest,1,Vic,1,Unplanned burns only
36278,129,NCR,Native forest,1,Vic,1,Planned burns only
36279,1,PRIV,Native forest,1,Vic,1,Planned burns only
36280,1,MUF,Native forest,1,Vic,1,Planned burns only
36281,21,NCR,Native forest,1,Vic,1,Unplanned burns only
36282,1,NCR,Other forest,1,Vic,1,Planned burns only
36283,4,NCR,Native forest,1,Vic,1,Planned burns only
36284,97,PRIV,Native forest,1,Vic,0,Forest not burnt
36286,1,OCL,Native forest,1,Vic,1,Planned burns only
36289,7044,NCR,Native forest,1,Vic,0,Forest not burnt
36290,2,NCR,Native forest,1,Vic,1,Planned burns only
36291,13,MUF,Native forest,1,Vic,1,Unplanned burns only
36292,1606,MUF,Native forest,1,Vic,0,Forest not burnt
36294,59,MUF,Native forest,1,Vic,1,Planned burns only
36295,7376,MUF,Native forest,1,Vic,0,Forest not burnt
36297,3,MUF,Native forest,1,Vic,1,Planned burns only
36298,1,PRIV,Native forest,1,Vic,1,Planned burns only
36299,2132,NCR,Native forest,1,Vic,1,Planned burns only
36300,30,NCR,Native forest,1,Vic,1,Planned burns only
36301,1,PRIV,Native forest,1,Vic,1,Planned burns only
36302,1,PRIV,Native forest,1,Vic,1,Planned burns only
36303,4,NCR,Native forest,1,Vic,1,Planned burns only
36304,491,NCR,Native forest,1,Vic,1,Unplanned burns only
36305,12,MUF,Native forest,1,Vic,1,Planned burns only
36306,1,MUF,Native forest,1,Vic,2,Planned burns only
36307,2443,PRIV,Commercial plantation,1,Vic,1,Unplanned burns only
36308,7,NCR,Native forest,1,Vic,1,Unplanned burns only
36309,2,MUF,Other forest,1,Vic,0,Forest not burnt
36310,7,MUF,Native forest,1,Vic,2,Planned and Unplanned burns
36311,243,MUF,Native forest,1,Vic,0,Forest not burnt
36312,78,NCR,Native forest,1,Vic,1,Planned burns only
36313,4,MUF,Native forest,1,Vic,1,Planned burns only
36314,22,PRIV,Other forest,1,Vic,1,Unplanned burns only
36315,44,PRIV,Native forest,1,Vic,1,Unplanned burns only
36316,8,MUF,Commercial plantation,1,Vic,1,Unplanned burns only
36318,3,NCR,Native forest,1,Vic,1,Unplanned burns only
36319,546,MUF,Native forest,1,Vic,1,Unplanned burns only
36320,86,MUF,Native forest,1,Vic,1,Unplanned burns only
36321,21,MUF,Native forest,1,Vic,1,Planned burns only
36322,1,NCR,Native forest,1,Vic,2,Planned and Unplanned burns
36323,580,NCR,Native forest,1,Vic,1,Unplanned burns only
36324,2,MUF,Other forest,1,Vic,1,Planned burns only
36325,8,NCR,Native forest,1,Vic,2,Unplanned burns only
36326,2,OCL,Native forest,1,Vic,0,Forest not burnt
36327,2,MUF,Native forest,1,Vic,2,Planned burns only
36328,227,MUF,Native forest,1,Vic,0,Forest not burnt
36329,148,MUF,Native forest,1,Vic,2,Planned and Unplanned burns
36330,65,NCR,Native forest,1,Vic,1,Unplanned burns only
36331,8,PRIV,Native forest,1,Vic,1,Unplanned burns only
36332,6,MUF,Native forest,1,Vic,2,Planned burns only
36333,199,MUF,Native forest,1,Vic,1,Unplanned burns only
36334,7,NCR,Native forest,1,Vic,2,Planned burns only
36335,4,MUF,Native forest,1,Vic,2,Planned burns only
36336,12,MUF,Native forest,1,Vic,2,Planned burns only
36337,2,MUF,Native forest,1,Vic,2,Planned burns only
36339,2,NCR,Native forest,1,Vic,1,Unplanned burns only
36340,7,MUF,Native forest,1,Vic,1,Unplanned burns only
36341,16,MUF,Native forest,1,Vic,1,Unplanned burns only
36342,20,MUF,Native forest,1,Vic,1,Unplanned burns only
36343,44,MUF,Native forest,1,Vic,1,Unplanned burns only
36344,8,MUF,Native forest,1,Vic,1,Planned burns only
36345,48,MUF,Native forest,1,Vic,1,Planned burns only
36346,599,MUF,Commercial plantation,1,Vic,1,Unplanned burns only
36347,83,MUF,Native forest,1,Vic,2,Unplanned burns only
36348,7,OCL,Commercial plantation,1,Vic,1,Unplanned burns only
36349,1,NCR,Native forest,1,Vic,1,Unplanned burns only
36350,44,MUF,Native forest,1,Vic,2,Unplanned burns only
36351,7,NCR,Native forest,1,Vic,2,Unplanned burns only
36353,466,MUF,Native forest,1,Vic,1,Unplanned burns only
36354,5,PRIV,Native forest,1,Vic,1,Unplanned burns only
36355,3,NCR,Other forest,1,Vic,1,Unplanned burns only
36356,5,NCR,Native forest,1,Vic,2,Unplanned burns only
36357,2,OCL,Native forest,1,Vic,1,Unplanned burns only
36358,4,PRIV,Native forest,1,Vic,2,Planned burns only
36359,2,PRIV,Native forest,1,Vic,1,Unplanned burns only
36360,320,MUF,Native forest,1,Vic,2,Planned and Unplanned burns
36361,354,MUF,Native forest,1,Vic,2,Planned burns only
36362,24,MUF,Native forest,1,Vic,1,Planned burns only
36363,15,PRIV,Native forest,1,Vic,1,Unplanned burns only
36364,441,MUF,Native forest,1,Vic,2,Planned and Unplanned burns
36365,1960,NCR,Native forest,1,Vic,1,Unplanned burns only
36366,1,PRIV,Native forest,1,Vic,2,Planned burns only
36367,15,NCR,Native forest,1,Vic,1,Planned burns only
36368,5,OCL,Native forest,1,Vic,1,Planned burns only
36369,4,OCL,Native forest,1,Vic,1,Unplanned burns only
36370,1,OCL,Other forest,1,Vic,1,Planned burns only
36371,1,OCL,Native forest,1,Vic,1,Planned burns only
36372,4,MUF,Native forest,1,Vic,1,Unplanned burns only
36373,1, ,Non-forest,0,Vic,-9, 
36374,1,MUF,Native forest,1,Vic,1,Planned burns only
36375,20,MUF,Native forest,1,Vic,2,Planned and Unplanned burns
36376,8,PRIV,Native forest,1,Vic,1,Planned burns only
36377,5,MUF,Native forest,1,Vic,1,Unplanned burns only
36378,3,MUF,Native forest,1,Vic,2,Planned and Unplanned burns
36379,1,MUF,Native forest,1,Vic,2,Planned burns only
36380,405,NCR,Native forest,1,Vic,1,Unplanned burns only
36381,15,PRIV,Native forest,1,Vic,2,Unplanned burns only
36382,5,MUF,Native forest,1,Vic,3,Planned burns only
36383,42,MUF,Native forest,1,Vic,2,Planned burns only
36384,399,NCR,Native forest,1,Vic,1,Unplanned burns only
36385,1,MUF,Native forest,1,Vic,2,Planned and Unplanned burns
36386,1170,PRIV,Native forest,1,Vic,1,Unplanned burns only
36387,2,MUF,Native forest,1,Vic,2,Planned and Unplanned burns
36388,12,MUF,Native forest,1,Vic,2,Planned and Unplanned burns
36389,1355,PRIV,Native forest,1,Vic,0,Forest not burnt
36390,93,OCL,Native forest,1,Vic,0,Forest not burnt
36391,1,NCR,Native forest,1,Vic,1,Unplanned burns only
36392,1,MUF,Native forest,1,Vic,1,Unplanned burns only
36393,2,MUF,Native forest,1,Vic,1,Unplanned burns only
36394,110,MUF,Native forest,1,Vic,0,Forest not burnt
36395,10,MUF,Native forest,1,Vic,2,Planned and Unplanned burns
36396,3,MUF,Native forest,1,Vic,0,Forest not burnt
36397,3150,MUF,Native forest,1,Vic,1,Unplanned burns only
36398,3,PRIV,Other forest,1,Vic,1,Unplanned burns only
36399,1,MUF,Native forest,1,Vic,0,Forest not burnt
36400,27,MUF,Native forest,1,Vic,1,Unplanned burns only
36401,614,OCL,Native forest,1,Vic,1,Unplanned burns only
36402,126,OCL,Native forest,1,Vic,1,Unplanned burns only
36403,2,MUF,Native forest,1,Vic,1,Unplanned burns only
36404,1,PRIV,Other forest,1,Vic,0,Forest not burnt
36405,2,MUF,Native forest,1,Vic,1,Unplanned burns only
36406,60,PRIV,Native forest,1,Vic,1,Unplanned burns only
36407,5,MUF,Native forest,1,Vic,2,Unplanned burns only
36408,43,OCL,Native forest,1,Vic,0,Forest not burnt
36409,6,MUF,Native forest,1,Vic,2,Unplanned burns only
36410,4,MUF,Native forest,1,Vic,1,Unplanned burns only
36411,110,OCL,Native forest,1,Vic,1,Unplanned burns only
36413,1,MUF,Native forest,1,Vic,2,Planned and Unplanned burns
36414,35,PRIV,Native forest,1,Vic,2,Unplanned burns only
36415,786,MUF,Native forest,1,Vic,1,Unplanned burns only
36416,2,OCL,Native forest,1,Vic,1,Unplanned burns only
36417,1,NCR,Native forest,1,Vic,1,Unplanned burns only
36418,183,PRIV,Native forest,1,Vic,1,Unplanned burns only
36419,1280,MUF,Native forest,1,Vic,2,Unplanned burns only
36420,47,MUF,Native forest,1,Vic,1,Unplanned burns only
36421,779,MUF,Native forest,1,Vic,1,Unplanned burns only
36422,149,MUF,Native forest,1,Vic,2,Unplanned burns only
36423,2,MUF,Native forest,1,Vic,1,Unplanned burns only
36424,146,NCR,Native forest,1,Vic,1,Unplanned burns only
36425,14,PRIV,Native forest,1,Vic,1,Unplanned burns only
36426,29,NCR,Native forest,1,Vic,2,Unplanned burns only
36427,70,NCR,Native forest,1,Vic,2,Unplanned burns only
36428,4,NCR,Native forest,1,Vic,2,Unplanned burns only
36429,10,MUF,Native forest,1,Vic,2,Unplanned burns only
36430,5,MUF,Native forest,1,Vic,1,Unplanned burns only
36432,1,MUF,Native forest,1,Vic,1,Unplanned burns only
36433,1,PRIV,Other forest,1,Vic,1,Unplanned burns only
36434,739,NCR,Native forest,1,Vic,0,Forest not burnt
36435,1554,NCR,Native forest,1,Vic,2,Unplanned burns only
36436,116,NCR,Native forest,1,Vic,2,Unplanned burns only
36437,1,PRIV,Native forest,1,Vic,1,Unplanned burns only
36438,67,MUF,Native forest,1,Vic,1,Unplanned burns only
36439,1002,NCR,Native forest,1,Vic,0,Forest not burnt
36440,62,NCR,Native forest,1,Vic,2,Planned and Unplanned burns
36441,1,NCR,Native forest,1,Vic,2,Planned and Unplanned burns
36442,699,MUF,Native forest,1,Vic,2,Unplanned burns only
36443,6,NCR,Native forest,1,Vic,1,Unplanned burns only
36444,7,MUF,Native forest,1,Vic,2,Planned and Unplanned burns
36445,6,MUF,Native forest,1,Vic,2,Planned and Unplanned burns
36446,5302,MUF,Native forest,1,Vic,1,Unplanned burns only
36447,202,MUF,Native forest,1,Vic,1,Unplanned burns only
36448,13,MUF,Native forest,1,Vic,2,Unplanned burns only
36449,44,MUF,Native forest,1,Vic,1,Unplanned burns only
36450,95,NCR,Native forest,1,Vic,1,Unplanned burns only
36451,8,NCR,Native forest,1,Vic,1,Unplanned burns only
36452,2,MUF,Native forest,1,Vic,3,Planned and Unplanned burns
36453,7,MUF,Native forest,1,Vic,3,Planned and Unplanned burns
36454,3,MUF,Native forest,1,Vic,3,Planned and Unplanned burns
36455,2,PRIV,Native forest,1,Vic,2,Unplanned burns only
36456,1,MUF,Native forest,1,Vic,3,Planned and Unplanned burns
36457,8,NCR,Native forest,1,Vic,1,Unplanned burns only
36458,57,NCR,Native forest,1,Vic,1,Unplanned burns only
36459,1,PRIV,Native forest,1,Vic,2,Unplanned burns only
36460,3,NCR,Native forest,1,Vic,1,Unplanned burns only
36461,3,PRIV,Native forest,1,Vic,1,Unplanned burns only
36462,19,MUF,Native forest,1,Vic,2,Planned and Unplanned burns
36463,3,MUF,Native forest,1,Vic,1,Unplanned burns only
36464,2,MUF,Native forest,1,Vic,2,Planned and Unplanned burns
36465,128,PRIV,Native forest,1,Vic,1,Unplanned burns only
36466,1,OCL,Native forest,1,Vic,1,Unplanned burns only
36467,47,PRIV,Native forest,1,Vic,0,Forest not burnt
36468,1,OCL,Commercial plantation,1,Vic,1,Unplanned burns only
36470,38,MUF,Native forest,1,Vic,2,Planned burns only
36471,1,MUF,Native forest,1,Vic,1,Planned burns only
36472,16,NCR,Native forest,1,Vic,2,Planned and Unplanned burns
36473,8,NCR,Native forest,1,Vic,2,Planned and Unplanned burns
36474,12,MUF,Native forest,1,Vic,2,Unplanned burns only
36475,2,PRIV,Native forest,1,Vic,1,Unplanned burns only
36476,25,NCR,Native forest,1,Vic,1,Planned burns only
36477,1,MUF,Native forest,1,Vic,1,Unplanned burns only
36478,10,NCR,Native forest,1,Vic,2,Planned and Unplanned burns
36479,1,MUF,Native forest,1,Vic,1,Unplanned burns only
36480,1,PRIV,Commercial plantation,1,Vic,1,Unplanned burns only
36481,1,PRIV,Other forest,1,Vic,1,Unplanned burns only
36482,4,OCL,Native forest,1,Vic,2,Planned and Unplanned burns
36483,10,PRIV,Native forest,1,Vic,1,Unplanned burns only
36484,1,MUF,Native forest,1,Vic,2,Unplanned burns only
36485,3,PRIV,Commercial plantation,1,Vic,1,Unplanned burns only
36486,385,NCR,Native forest,1,Vic,1,Unplanned burns only
36487,2,MUF,Native forest,1,Vic,2,Planned and Unplanned burns
36488,1,MUF,Native forest,1,Vic,2,Planned and Unplanned burns
36490,5,PRIV,Native forest,1,Vic,1,Unplanned burns only
36491,962,NCR,Native forest,1,Vic,1,Unplanned burns only
36493,1,NCR,Native forest,1,Vic,1,Unplanned burns only
36494,6,MUF,Native forest,1,Vic,2,Unplanned burns only
36495,7, ,Non-forest,0,Vic,-9, 
36496,3, ,Non-forest,0,Vic,-9, 
36497,2,MUF,Native forest,1,Vic,1,Planned burns only
36498,11,MUF,Native forest,1,Vic,1,Planned burns only
36499,1203,NCR,Native forest,1,Vic,0,Forest not burnt
36500,5892,NCR,Native forest,1,Vic,0,Forest not burnt
36501,16,PRIV,Native forest,1,Vic,1,Planned burns only
36502,2,PRIV,Native forest,1,Vic,2,Planned and Unplanned burns
36503,1,OCL,Native forest,1,Vic,2,Planned and Unplanned burns
36504,90,PRIV,Native forest,1,Vic,0,Forest not burnt
36505,2,OCL,Native forest,1,Vic,1,Unplanned burns only
36506,6,OCL,Native forest,1,Vic,1,Unplanned burns only
36507,5,NCR,Native forest,1,Vic,2,Planned and Unplanned burns
36508,13,OCL,Native forest,1,Vic,1,Planned burns only
36509,7,PRIV,Native forest,1,Vic,1,Unplanned burns only
36510,988,PRIV,Native forest,1,Vic,0,Forest not burnt
36511,3,PRIV,Native forest,1,Vic,2,Planned and Unplanned burns
36512,16,OCL,Native forest,1,Vic,1,Planned burns only
36513,17,OCL,Native forest,1,Vic,1,Planned burns only
36514,2,NCR,Native forest,1,Vic,2,Planned and Unplanned burns
36515,1,MUF,Native forest,1,Vic,1,Planned burns only
36516,1,NCR,Native forest,1,Vic,1,Planned burns only
36517,2,NCR,Native forest,1,Vic,1,Unplanned burns only
36518,1,NCR,Native forest,1,Vic,2,Unplanned burns only
36519,35,PRIV,Native forest,1,Vic,1,Planned burns only
36520,2,MUF,Native forest,1,Vic,1,Planned burns only
36521,3,MUF,Native forest,1,Vic,0,Forest not burnt
36522,24,MUF,Native forest,1,Vic,1,Planned burns only
36523,20,OCL,Native forest,1,Vic,1,Planned burns only
36524,10,OCL,Native forest,1,Vic,1,Planned burns only
36525,3,OCL,Native forest,1,Vic,0,Forest not burnt
36526,10,PRIV,Native forest,1,Vic,2,Unplanned burns only
36527,138,MUF,Native forest,1,Vic,0,Forest not burnt
36528,9,OCL,Native forest,1,Vic,1,Unplanned burns only
36529,4,MUF,Native forest,1,Vic,1,Planned burns only
36530,10,OCL,Native forest,1,Vic,0,Forest not burnt
36531,1,OCL,Native forest,1,Vic,1,Planned burns only
36532,17,MUF,Commercial plantation,1,Vic,1,Unplanned burns only
36533,41,PRIV,Commercial plantation,1,Vic,1,Unplanned burns only
36534,3,PRIV,Commercial plantation,1,Vic,2,Unplanned burns only
36535,63,MUF,Native forest,1,Vic,1,Unplanned burns only
36536,157,MUF,Native forest,1,Vic,1,Unplanned burns only
36537,349,PRIV,Native forest,1,Vic,0,Forest not burnt
36538,14,MUF,Native forest,1,Vic,2,Planned and Unplanned burns
36539,14,MUF,Native forest,1,Vic,2,Planned burns only
36540,1,MUF,Native forest,1,Vic,2,Planned burns only
36541,1,MUF,Native forest,1,Vic,2,Planned burns only
36542,59,PRIV,Native forest,1,Vic,1,Unplanned burns only
36543,103,NCR,Native forest,1,Vic,0,Forest not burnt
36544,1,MUF,Native forest,1,Vic,0,Forest not burnt
36545,8,PRIV,Native forest,1,Vic,1,Planned burns only
36546,123,OCL,Native forest,1,Vic,1,Unplanned burns only
36547,45,OCL,Native forest,1,Vic,1,Unplanned burns only
36548,45,OCL,Native forest,1,Vic,1,Unplanned burns only
36549,2,OCL,Native forest,1,Vic,1,Unplanned burns only
36550,433,MUF,Native forest,1,Vic,1,Unplanned burns only
36551,3,MUF,Native forest,1,Vic,2,Unplanned burns only
36552,176,PRIV,Native forest,1,Vic,1,Unplanned burns only
36553,16,OCL,Other forest,1,Vic,1,Unplanned burns only
36554,1,PRIV,Other forest,1,Vic,1,Unplanned burns only
36555,6,PRIV,Native forest,1,Vic,2,Unplanned burns only
36556,10,MUF,Native forest,1,Vic,1,Unplanned burns only
36557,28,PRIV,Native forest,1,Vic,1,Unplanned burns only
36558,1,MUF,Native forest,1,Vic,1,Unplanned burns only
36559,5,MUF,Native forest,1,Vic,2,Planned and Unplanned burns
36560,14,MUF,Native forest,1,Vic,1,Unplanned burns only
36561,1,MUF,Native forest,1,Vic,2,Planned and Unplanned burns
36562,9,NCR,Native forest,1,Vic,2,Unplanned burns only
36563,24,NCR,Native forest,1,Vic,1,Planned burns only
36564,526,MUF,Native forest,1,Vic,1,Unplanned burns only
36565,16,OCL,Native forest,1,Vic,1,Unplanned burns only
36566,49,OCL,Native forest,1,Vic,1,Unplanned burns only
36567,1,PRIV,Native forest,1,Vic,1,Unplanned burns only
36568,2,PRIV,Native forest,1,Vic,2,Planned burns only
36569,5,NCR,Native forest,1,Vic,2,Planned burns only
36570,1,PRIV,Native forest,1,Vic,2,Unplanned burns only
36571,3,MUF,Native forest,1,Vic,2,Unplanned burns only
36572,77,MUF,Native forest,1,Vic,2,Planned and Unplanned burns
36573,1,MUF,Native forest,1,Vic,1,Planned burns only
36574,162,NCR,Native forest,1,Vic,0,Forest not burnt
36575,1,OCL,Native forest,1,Vic,1,Unplanned burns only
36576,7,PRIV,Native forest,1,Vic,1,Unplanned burns only
36577,7, ,Non-forest,0,Vic,-9, 
36578,145,MUF,Native forest,1,Vic,1,Unplanned burns only
36579,15,OCL,Native forest,1,Vic,0,Forest not burnt
36580,156,PRIV,Native forest,1,Vic,0,Forest not burnt
36581,7,PRIV,Native forest,1,Vic,1,Unplanned burns only
36582,2,NCR,Commercial plantation,1,Vic,1,Planned burns only
36583,1,PRIV,Commercial plantation,1,Vic,1,Planned burns only
36584,259,MUF,Commercial plantation,1,Vic,1,Unplanned burns only
36585,38, ,Non-forest,0,Vic,-9, 
36586,3,PRIV,Native forest,1,Vic,1,Unplanned burns only
36587,1,MUF,Native forest,1,Vic,1,Unplanned burns only
36588,7,MUF,Native forest,1,Vic,2,Planned and Unplanned burns
36589,2,OCL,Native forest,1,Vic,2,Planned and Unplanned burns
36590,9,PRIV,Native forest,1,Vic,0,Forest not burnt
36591,8,OCL,Native forest,1,Vic,2,Planned and Unplanned burns
36592,132,MUF,Native forest,1,Vic,0,Forest not burnt
36593,3,OCL,Native forest,1,Vic,1,Unplanned burns only
36594,2, ,Non-forest,0,Vic,-9, 
36595,1,PRIV,Native forest,1,Vic,2,Planned and Unplanned burns
36596,1,NCR,Native forest,1,Vic,1,Unplanned burns only
36597,1,PRIV,Native forest,1,Vic,1,Planned burns only
36598,2,MUF,Native forest,1,Vic,1,Planned burns only
36599,3,PRIV,Native forest,1,Vic,1,Unplanned burns only
36600,3,PRIV,Native forest,1,Vic,2,Planned and Unplanned burns
36601,8,PRIV,Native forest,1,Vic,1,Planned burns only
36602,8,MUF,Native forest,1,Vic,2,Planned and Unplanned burns
36603,1, ,Non-forest,0,Vic,-9, 
36604,1,PRIV,Native forest,1,Vic,1,Unplanned burns only
36605,40,MUF,Native forest,1,Vic,2,Planned burns only
36606,5,PRIV,Native forest,1,Vic,0,Forest not burnt
36607,9,OCL,Native forest,1,Vic,0,Forest not burnt
36608,2,MUF,Native forest,1,Vic,2,Planned and Unplanned burns
36609,2,MUF,Native forest,1,Vic,1,Planned burns only
36610,101,MUF,Native forest,1,Vic,2,Planned burns only
36611,2,MUF,Native forest,1,Vic,0,Forest not burnt
36612,2,OCL,Native forest,1,Vic,2,Unplanned burns only
36613,10,MUF,Native forest,1,Vic,2,Planned burns only
36614,1,PRIV,Native forest,1,Vic,1,Planned burns only
36615,1,OCL,Native forest,1,Vic,0,Forest not burnt
36616,4,PRIV,Native forest,1,Vic,2,Planned and Unplanned burns
36617,1,OCL,Native forest,1,Vic,1,Unplanned burns only
36618,15,OCL,Native forest,1,Vic,1,Unplanned burns only
36619,36,PRIV,Native forest,1,Vic,1,Unplanned burns only
36620,16,OCL,Native forest,1,Vic,1,Planned burns only
36621,46,OCL,Native forest,1,Vic,0,Forest not burnt
36622,5,OCL,Native forest,1,Vic,1,Planned burns only
36623,23, ,Non-forest,0,Vic,-9, 
36624,1, ,Non-forest,0,Vic,-9, 
36625,25,NCR,Native forest,1,Vic,1,Unplanned burns only
36626,1, ,Non-forest,0,Vic,-9, 
36627,3,MUF,Native forest,1,Vic,3,Planned and Unplanned burns
36628,7,PRIV,Native forest,1,Vic,1,Planned burns only
36629,1,OCL,Native forest,1,Vic,1,Unplanned burns only
36630,21,NCR,Native forest,1,Vic,2,Planned and Unplanned burns
36631,1, ,Non-forest,0,Vic,-9, 
36632,1,NCR,Native forest,1,Vic,2,Planned and Unplanned burns
36633,1,MUF,Native forest,1,Vic,1,Planned burns only
36634,16,MUF,Native forest,1,Vic,2,Planned burns only
36635,2,NCR,Other forest,1,Vic,1,Planned burns only
36636,871,MUF,Native forest,1,Vic,1,Unplanned burns only
36637,258,MUF,Native forest,1,Vic,2,Unplanned burns only
36638,7,MUF,Native forest,1,Vic,1,Unplanned burns only
36639,61,NCR,Native forest,1,Vic,2,Planned and Unplanned burns
36640,87,NCR,Native forest,1,Vic,2,Planned and Unplanned burns
36641,2,NCR,Native forest,1,Vic,2,Planned and Unplanned burns
36642,4,NCR,Native forest,1,Vic,2,Planned and Unplanned burns
36643,1,PRIV,Native forest,1,Vic,1,Unplanned burns only
36644,5,MUF,Native forest,1,Vic,2,Planned burns only
36645,1,PRIV,Native forest,1,Vic,1,Unplanned burns only
36646,3,MUF,Native forest,1,Vic,2,Unplanned burns only
36647,29,OCL,Commercial plantation,1,Vic,1,Unplanned burns only
36648,1,MUF,Other forest,1,Vic,1,Planned burns only
36649,3,NCR,Native forest,1,Vic,2,Planned and Unplanned burns
36650,67,OCL,Native forest,1,Vic,0,Forest not burnt
36651,3,MUF,Commercial plantation,1,Vic,1,Unplanned burns only
36652,11, ,Non-forest,0,Vic,-9, 
36653,25,NCR,Native forest,1,Vic,2,Unplanned burns only
36654,82,MUF,Native forest,1,Vic,2,Planned and Unplanned burns
36655,45,MUF,Native forest,1,Vic,2,Planned and Unplanned burns
36656,12,MUF,Native forest,1,Vic,2,Planned and Unplanned burns
36657,11,MUF,Native forest,1,Vic,2,Planned and Unplanned burns
36658,9,MUF,Native forest,1,Vic,2,Planned and Unplanned burns
36659,5,NCR,Native forest,1,Vic,1,Unplanned burns only
36660,801,NCR,Native forest,1,Vic,1,Unplanned burns only
36661,9, ,Non-forest,0,Vic,-9, 
36662,6,PRIV,Native forest,1,Vic,1,Unplanned burns only
36663,6,MUF,Native forest,1,Vic,2,Planned and Unplanned burns
36664,1,OCL,Native forest,1,Vic,1,Unplanned burns only
36665,20,MUF,Native forest,1,Vic,1,Unplanned burns only
36666,15,MUF,Native forest,1,Vic,1,Unplanned burns only
36667,6,NCR,Native forest,1,Vic,1,Unplanned burns only
36668,5,PRIV,Native forest,1,Vic,2,Planned burns only
36669,11,OCL,Native forest,1,Vic,2,Planned burns only
36670,92,PRIV,Native forest,1,Vic,1,Unplanned burns only
36671,6,MUF,Native forest,1,Vic,1,Unplanned burns only
36672,82,PRIV,Native forest,1,Vic,0,Forest not burnt
36673,25,OCL,Native forest,1,Vic,0,Forest not burnt
36674,1,MUF,Native forest,1,Vic,1,Unplanned burns only
36675,1,MUF,Native forest,1,Vic,1,Unplanned burns only
36676,1,MUF,Native forest,1,Vic,0,Forest not burnt
36677,78,PRIV,Native forest,1,Vic,0,Forest not burnt
36678,15,MUF,Native forest,1,Vic,1,Unplanned burns only
36679,9,OCL,Native forest,1,Vic,1,Unplanned burns only
36680,7,MUF,Native forest,1,Vic,2,Planned burns only
36681,5,MUF,Native forest,1,Vic,3,Planned and Unplanned burns
36682,1,MUF,Native forest,1,Vic,3,Planned and Unplanned burns
36683,168,NCR,Native forest,1,Vic,0,Forest not burnt
36684,3,MUF,Native forest,1,Vic,1,Unplanned burns only
36685,722,NCR,Native forest,1,Vic,2,Unplanned burns only
36686,2,PRIV,Native forest,1,Vic,1,Unplanned burns only
36687,1,PRIV,Native forest,1,Vic,1,Unplanned burns only
36688,4,MUF,Native forest,1,Vic,3,Planned and Unplanned burns
36689,2,OCL,Native forest,1,Vic,1,Unplanned burns only
36690,94,NCR,Native forest,1,Vic,0,Forest not burnt
36691,1, ,Non-forest,0,Vic,-9, 
36692,5,OCL,Native forest,1,Vic,1,Planned burns only
36693,3,NCR,Native forest,1,Vic,1,Planned burns only
36694,1,MUF,Native forest,1,Vic,1,Planned burns only
36695,1, ,Non-forest,0,Vic,-9, 
36696,40,PRIV,Native forest,1,Vic,0,Forest not burnt
36697,54,PRIV,Native forest,1,Vic,1,Unplanned burns only
36698,783,NCR,Native forest,1,Vic,2,Planned and Unplanned burns
36699,1,NCR,Native forest,1,Vic,1,Planned burns only
36700,133, ,Non-forest,0,Vic,-9, 
36701,3, ,Non-forest,0,Vic,-9, 
36702,1,PRIV,Native forest,1,Vic,1,Planned burns only
36703,1,NCR,Native forest,1,Vic,2,Planned burns only
36704,1,PRIV,Native forest,1,Vic,2,Unplanned burns only
36705,23,OCL,Native forest,1,Vic,1,Planned burns only
36706,1,NCR,Native forest,1,Vic,2,Planned and Unplanned burns
36707,4,NCR,Native forest,1,Vic,2,Unplanned burns only
36708,1,NCR,Native forest,1,Vic,2,Unplanned burns only
36709,2,NCR,Native forest,1,Vic,2,Planned and Unplanned burns
36710,1,NCR,Native forest,1,Vic,2,Planned and Unplanned burns
36711,2, ,Non-forest,0,Vic,-9, 
36712,3,PRIV,Other forest,1,Vic,1,Unplanned burns only
36713,56,NCR,Native forest,1,Vic,0,Forest not burnt
36714,948,NCR,Native forest,1,Vic,0,Forest not burnt
36715,5,MUF,Native forest,1,Vic,1,Planned burns only
36716,93,PRIV,Native forest,1,Vic,0,Forest not burnt
36717,5,NCR,Native forest,1,Vic,1,Unplanned burns only
36718,3,MUF,Native forest,1,Vic,2,Planned and Unplanned burns
36719,827,NCR,Native forest,1,Vic,0,Forest not burnt
36720,39,PRIV,Native forest,1,Vic,0,Forest not burnt
36721,8,OCL,Native forest,1,Vic,1,Unplanned burns only
36722,2,PRIV,Native forest,1,Vic,1,Unplanned burns only
36723,9,PRIV,Native forest,1,Vic,0,Forest not burnt
36724,35,PRIV,Native forest,1,Vic,0,Forest not burnt
36725,49,NCR,Native forest,1,Vic,0,Forest not burnt
36726,12,NCR,Native forest,1,Vic,0,Forest not burnt
36727,14,OCL,Native forest,1,Vic,0,Forest not burnt
36728,2,PRIV,Native forest,1,Vic,0,Forest not burnt
36729,673,NCR,Native forest,1,Vic,0,Forest not burnt
36730,3,NCR,Native forest,1,Vic,0,Forest not burnt
36731,1,NCR,Native forest,1,Vic,0,Forest not burnt
36732,28,NCR,Native forest,1,Vic,2,Planned burns only
36733,13,OCL,Native forest,1,Vic,2,Planned burns only
36734,1,OCL,Native forest,1,Vic,1,Planned burns only
36735,1,NCR,Native forest,1,Vic,1,Planned burns only
36736,2,NCR,Native forest,1,Vic,3,Planned burns only
36737,1,OCL,Native forest,1,Vic,3,Planned burns only
36738,336,PRIV,Native forest,1,Vic,0,Forest not burnt
36739,91,PRIV,Native forest,1,Vic,0,Forest not burnt
36740,87,PRIV,Native forest,1,Vic,0,Forest not burnt
36741,16,PRIV,Native forest,1,Vic,0,Forest not burnt
36742,9,OCL,Native forest,1,Vic,2,Planned burns only
36743,1,NCR,Other forest,1,Vic,1,Unplanned burns only
36744,5, ,Non-forest,0,Vic,-9, 
36745,44,PRIV,Native forest,1,Vic,1,Unplanned burns only
36746,3,PRIV,Native forest,1,Vic,2,Planned burns only
36747,1, ,Non-forest,0,Vic,-9, 
36748,35,NCR,Commercial plantation,1,Vic,1,Unplanned burns only
36749,94,PRIV,Commercial plantation,1,Vic,1,Unplanned burns only
36750,9,OCL,Commercial plantation,1,Vic,1,Unplanned burns only
36751,4,OCL,Native forest,1,Vic,1,Planned burns only
36752,6,MUF,Native forest,1,Vic,1,Planned burns only
36753,15,OCL,Native forest,1,Vic,1,Unplanned burns only
36754,1,OCL,Native forest,1,Vic,1,Unplanned burns only
36755,2,PRIV,Native forest,1,Vic,1,Planned burns only
36756,2,PRIV,Native forest,1,Vic,1,Unplanned burns only
36757,20,MUF,Native forest,1,Vic,1,Unplanned burns only
36758,1,OCL,Native forest,1,Vic,1,Unplanned burns only
36759,1,OCL,Native forest,1,Vic,1,Unplanned burns only
36760,21,MUF,Native forest,1,Vic,1,Unplanned burns only
36761,23,PRIV,Native forest,1,Vic,1,Unplanned burns only
36762,1,PRIV,Native forest,1,Vic,2,Planned and Unplanned burns
36763,42,MUF,Other forest,1,Vic,1,Unplanned burns only
36764,20,NCR,Native forest,1,Vic,1,Unplanned burns only
36765,20,NCR,Native forest,1,Vic,1,Unplanned burns only
36766,4,OCL,Native forest,1,Vic,0,Forest not burnt
36767,25,OCL,Native forest,1,Vic,0,Forest not burnt
36768,22,OCL,Native forest,1,Vic,0,Forest not burnt
36769,12,OCL,Native forest,1,Vic,0,Forest not burnt
36770,4,OCL,Native forest,1,Vic,0,Forest not burnt
36771,1,OCL,Native forest,1,Vic,0,Forest not burnt
36772,55,MUF,Native forest,1,Vic,2,Planned burns only
36773,1,PRIV,Other forest,1,Vic,1,Unplanned burns only
36774,6,PRIV,Native forest,1,Vic,0,Forest not burnt
36775,5,NCR,Native forest,1,Vic,1,Planned burns only
36776,3,NCR,Other forest,1,Vic,1,Unplanned burns only
36777,1,PRIV,Native forest,1,Vic,1,Unplanned burns only
36778,1,NCR,Other forest,1,Vic,1,Planned burns only
36779,2,OCL,Native forest,1,Vic,1,Planned burns only
36780,16,OCL,Native forest,1,Vic,0,Forest not burnt
36781,29,OCL,Native forest,1,Vic,0,Forest not burnt
36782,1,MUF,Native forest,1,Vic,2,Planned burns only
36783,29,MUF,Native forest,1,Vic,0,Forest not burnt
36784,10,NCR,Native forest,1,Vic,2,Planned burns only
36785,1,PRIV,Native forest,1,Vic,2,Planned burns only
36786,2,PRIV,Native forest,1,Vic,2,Planned burns only
36787,2,MUF,Native forest,1,Vic,2,Planned burns only
36788,1,NCR,Native forest,1,Vic,2,Planned burns only
36789,4,OCL,Native forest,1,Vic,1,Planned burns only
36790,2,OCL,Native forest,1,Vic,1,Planned burns only
36791,37,MUF,Native forest,1,Vic,2,Planned burns only
36792,5,MUF,Native forest,1,Vic,2,Planned burns only
36793,4,PRIV,Commercial plantation,1,Vic,1,Unplanned burns only
36794,9,MUF,Native forest,1,Vic,2,Planned burns only
36795,2,NCR,Native forest,1,Vic,1,Planned burns only
36796,1,OCL,Other forest,1,Vic,0,Forest not burnt
36797,4,OCL,Native forest,1,Vic,1,Planned burns only
36798,1,OCL,Native forest,1,Vic,2,Planned burns only
36799,31,MUF,Native forest,1,Vic,0,Forest not burnt
36800,1,NCR,Native forest,1,Vic,0,Forest not burnt
36801,5,NCR,Native forest,1,Vic,0,Forest not burnt
36802,12,PRIV,Native forest,1,Vic,0,Forest not burnt
36803,5,OCL,Native forest,1,Vic,0,Forest not burnt
36804,6,NCR,Native forest,1,Vic,1,Unplanned burns only
36805,2,PRIV,Native forest,1,Vic,1,Unplanned burns only
36806,1,PRIV,Native forest,1,Vic,1,Planned burns only
36807,25,MUF,Other forest,1,Vic,1,Unplanned burns only
36808,1,PRIV,Native forest,1,Vic,1,Planned burns only
36809,6,NCR,Native forest,1,Vic,1,Planned burns only
36810,8,OCL,Native forest,1,Vic,0,Forest not burnt
36811,3,MUF,Native forest,1,Vic,1,Unplanned burns only
36812,2,NCR,Native forest,1,Vic,1,Planned burns only
36813,1,MUF,Native forest,1,Vic,0,Forest not burnt
36814,1,LEASE,Native forest,1,Vic,0,Forest not burnt
36815,2,NCR,Native forest,1,Vic,1,Planned burns only
36816,1,OCL,Other forest,1,Vic,0,Forest not burnt
36817,7,MUF,Native forest,1,Vic,0,Forest not burnt
36818,2,PRIV,Native forest,1,Vic,0,Forest not burnt
36819,1,OCL,Native forest,1,Vic,0,Forest not burnt
36820,5,PRIV,Native forest,1,Vic,0,Forest not burnt
36821,41,NCR,Native forest,1,Vic,1,Planned burns only
36822,13,NCR,Native forest,1,Vic,1,Planned burns only
36823,2,NCR,Native forest,1,Vic,1,Planned burns only
36824,3,NCR,Native forest,1,Vic,1,Planned burns only
